order,level,numeric_code,parent_numeric_code,nuts_code,name
1902646,1,10,,BE,BELGIQUE-BELGIË
1902647,2,20,10,BE1,RÉGION DE BRUXELLES-CAPITALE/BRUSSELS HOOFDSTEDELIJK GEWEST
1902648,3,30,20,BE10,Région de Bruxelles-Capitale/ Brussels Hoofdstedelijk Gewest
1902649,4,40,30,BE100,Arr. de Bruxelles-Capitale/Arr. van Brussel-Hoofdstad
1902650,2,50,10,BE2,VLAAMS GEWEST
1902651,3,60,50,BE21,Prov. Antwerpen
1902652,4,70,60,BE211,Arr. Antwerpen
1902653,4,80,60,BE212,Arr. Mechelen
1902654,4,90,60,BE213,Arr. Turnhout
1902655,3,100,50,BE22,Prov. Limburg (BE)
1902656,4,110,100,BE221,Arr. Hasselt
1902657,4,120,100,BE222,Arr. Maaseik
1902658,4,130,100,BE223,Arr. Tongeren
1902659,3,140,50,BE23,Prov. Oost-Vlaanderen
1902660,4,150,140,BE231,Arr. Aalst
1902661,4,160,140,BE232,Arr. Dendermonde
1902662,4,170,140,BE233,Arr. Eeklo
1902663,4,180,140,BE234,Arr. Gent
1902664,4,190,140,BE235,Arr. Oudenaarde
1902665,4,200,140,BE236,Arr. Sint-Niklaas
1902666,3,210,50,BE24,Prov. Vlaams-Brabant
1902667,4,220,210,BE241,Arr. Halle-Vilvoorde
1902668,4,230,210,BE242,Arr. Leuven
1902669,3,240,50,BE25,Prov. West-Vlaanderen
1902670,4,250,240,BE251,Arr. Brugge
1902671,4,260,240,BE252,Arr. Diksmuide
1902672,4,270,240,BE253,Arr. Ieper
1902673,4,280,240,BE254,Arr. Kortrijk
1902674,4,290,240,BE255,Arr. Oostende
1902675,4,300,240,BE256,Arr. Roeselare
1902676,4,310,240,BE257,Arr. Tielt
1902677,4,320,240,BE258,Arr. Veurne
1902678,2,330,10,BE3,RÉGION WALLONNE
1902679,3,340,330,BE31,Prov. Brabant Wallon
1902680,4,350,340,BE310,Arr. Nivelles
1902681,3,360,330,BE32,Prov. Hainaut
1902682,4,370,360,BE321,Arr. Ath
1902683,4,380,360,BE322,Arr. Charleroi
1902684,4,390,360,BE323,Arr. Mons
1902685,4,400,360,BE324,Arr. Mouscron
1902686,4,410,360,BE325,Arr. Soignies
1902687,4,420,360,BE326,Arr. Thuin
1902688,4,430,360,BE327,Arr. Tournai
1902689,3,440,330,BE33,Prov. Liège
1902690,4,450,440,BE331,Arr. Huy
1902691,4,460,440,BE332,Arr. Liège
1902692,4,470,440,BE334,Arr. Waremme
1902693,4,480,440,BE335,Arr. Verviers — communes francophones
1902694,4,490,440,BE336,Bezirk Verviers — Deutschsprachige Gemeinschaft
1902695,3,500,330,BE34,Prov. Luxembourg (BE)
1902696,4,510,500,BE341,Arr. Arlon
1902697,4,520,500,BE342,Arr. Bastogne
1902698,4,530,500,BE343,Arr. Marche-en-Famenne
1902699,4,540,500,BE344,Arr. Neufchâteau
1902700,4,550,500,BE345,Arr. Virton
1902701,3,560,330,BE35,Prov. Namur
1902702,4,570,560,BE351,Arr. Dinant
1902703,4,580,560,BE352,Arr. Namur
1902704,4,590,560,BE353,Arr. Philippeville
1902705,2,600,10,BEZ,EXTRA-REGIO NUTS 1
1902706,3,610,600,BEZZ,Extra-Regio NUTS 2
1902707,4,620,610,BEZZZ,Extra-Regio NUTS 3
1902708,1,630,,BG,БЪЛГАРИЯ (BULGARIA)
1902709,2,640,630,BG3,СЕВЕРНА И ЮГОИЗТОЧНА БЪЛГАРИЯ (SEVERNA I YUGOIZTOCHNA BULGARIA)
1902710,3,650,640,BG31,Северозападен (Severozapaden)
1902711,4,660,650,BG311,Видин (Vidin)
1902712,4,670,650,BG312,Монтана (Montana)
1902713,4,680,650,BG313,Враца (Vratsa)
1902714,4,690,650,BG314,Плевен (Pleven)
1902715,4,700,650,BG315,Ловеч (Lovech)
1902716,3,710,640,BG32,Северен централен (Severen tsentralen)
1902717,4,720,710,BG321,Велико Търново (Veliko Tarnovo)
1902718,4,730,710,BG322,Габрово (Gabrovo)
1902719,4,740,710,BG323,Русе (Ruse)
1902720,4,750,710,BG324,Разград (Razgrad)
1902721,4,760,710,BG325,Силистра (Silistra)
1902722,3,770,640,BG33,Североизточен (Severoiztochen)
1902723,4,780,770,BG331,Варна (Varna)
1902724,4,790,770,BG332,Добрич (Dobrich)
1902725,4,800,770,BG333,Шумен (Shumen)
1902726,4,810,770,BG334,Търговище (Targovishte)
1902727,3,820,640,BG34,Югоизточен (Yugoiztochen)
1902728,4,830,820,BG341,Бургас (Burgas)
1902729,4,840,820,BG342,Сливен (Sliven)
1902730,4,850,820,BG343,Ямбол (Yambol)
1902731,4,860,820,BG344,Стара Загора (Stara Zagora)
1902732,2,870,630,BG4,ЮГОЗАПАДНА И ЮЖНА ЦЕНТРАЛНА БЪЛГАРИЯ (YUGOZAPADNA I YUZHNA TSENTRALNA BULGARIA)
1902733,3,880,870,BG41,Югозападен (Yugozapaden)
1902734,4,890,880,BG411,София (столица) (Sofia (stolitsa))
1902735,4,900,880,BG412,София (Sofia)
1902736,4,910,880,BG413,Благоевград (Blagoevgrad)
1902737,4,920,880,BG414,Перник (Pernik)
1902738,4,930,880,BG415,Кюстендил (Kyustendil)
1902739,3,940,870,BG42,Южен централен (Yuzhen tsentralen)
1902740,4,950,940,BG421,Пловдив (Plovdiv)
1902741,4,960,940,BG422,Хасково (Haskovo)
1902742,4,970,940,BG423,Пазарджик (Pazardzhik)
1902743,4,980,940,BG424,Смолян (Smolyan)
1902744,4,990,940,BG425,Кърджали (Kardzhali)
1902745,2,1000,630,BGZ,EXTRA-REGIO NUTS 1
1902746,3,1010,1000,BGZZ,Extra-Regio NUTS 2
1902747,4,1020,1010,BGZZZ,Extra-Regio NUTS 3
1902748,1,1030,,CZ,ČESKÁ REPUBLIKA
1902749,2,1040,1030,CZ0,ČESKÁ REPUBLIKA
1902750,3,1050,1040,CZ01,Praha
1902751,4,1060,1050,CZ010,Hlavní město Praha
1902752,3,1070,1040,CZ02,Střední Čechy
1902753,4,1080,1070,CZ020,Středočeský kraj
1902754,3,1090,1040,CZ03,Jihozápad
1902755,4,1100,1090,CZ031,Jihočeský kraj
1902756,4,1110,1090,CZ032,Plzeňský kraj
1902757,3,1120,1040,CZ04,Severozápad
1902758,4,1130,1120,CZ041,Karlovarský kraj
1902759,4,1140,1120,CZ042,Ústecký kraj
1902760,3,1150,1040,CZ05,Severovýchod
1902761,4,1160,1150,CZ051,Liberecký kraj
1902762,4,1170,1150,CZ052,Královéhradecký kraj
1902763,4,1180,1150,CZ053,Pardubický kraj
1902764,3,1190,1040,CZ06,Jihovýchod
1902765,4,1200,1190,CZ063,Kraj Vysočina
1902766,4,1210,1190,CZ064,Jihomoravský kraj
1902767,3,1220,1040,CZ07,Střední Morava
1902768,4,1230,1220,CZ071,Olomoucký kraj
1902769,4,1240,1220,CZ072,Zlínský kraj
1902770,3,1250,1040,CZ08,Moravskoslezsko
1902771,4,1260,1250,CZ080,Moravskoslezský kraj
1902772,2,1270,1030,CZZ,EXTRA-REGIO NUTS 1
1902773,3,1280,1270,CZZZ,Extra-Regio NUTS 2
1902774,4,1290,1280,CZZZZ,Extra-Regio NUTS 3
1902775,1,1300,,DK,DANMARK
1902776,2,1310,1300,DK0,DANMARK
1902777,3,1320,1310,DK01,Hovedstaden
1902778,4,1330,1320,DK011,Byen København
1902779,4,1340,1320,DK012,Københavns omegn
1902780,4,1350,1320,DK013,Nordsjælland
1902781,4,1360,1320,DK014,Bornholm
1902782,3,1370,1310,DK02,Sjælland
1902783,4,1380,1370,DK021,Østsjælland
1902784,4,1390,1370,DK022,Vest- og Sydsjælland
1902785,3,1400,1310,DK03,Syddanmark
1902786,4,1410,1400,DK031,Fyn
1902787,4,1420,1400,DK032,Sydjylland
1902788,3,1430,1310,DK04,Midtjylland
1902789,4,1440,1430,DK041,Vestjylland
1902790,4,1450,1430,DK042,Østjylland
1902791,3,1460,1310,DK05,Nordjylland
1902792,4,1470,1460,DK050,Nordjylland
1902793,2,1480,1300,DKZ,EXTRA-REGIO NUTS 1
1902794,3,1490,1480,DKZZ,Extra-Regio NUTS 2
1902795,4,1500,1490,DKZZZ,Extra-Regio NUTS 3
1902796,1,1510,,DE,DEUTSCHLAND
1902797,2,1520,1510,DE1,BADEN-WÜRTTEMBERG
1902798,3,1530,1520,DE11,Stuttgart
1902799,4,1540,1530,DE111,"Stuttgart, Stadtkreis"
1902800,4,1550,1530,DE112,Böblingen
1902801,4,1560,1530,DE113,Esslingen
1902802,4,1570,1530,DE114,Göppingen
1902803,4,1580,1530,DE115,Ludwigsburg
1902804,4,1590,1530,DE116,Rems-Murr-Kreis
1902805,4,1600,1530,DE117,"Heilbronn, Stadtkreis"
1902806,4,1610,1530,DE118,"Heilbronn, Landkreis"
1902807,4,1620,1530,DE119,Hohenlohekreis
1902808,4,1630,1530,DE11A,Schwäbisch Hall
1902809,4,1640,1530,DE11B,Main-Tauber-Kreis
1902810,4,1650,1530,DE11C,Heidenheim
1902811,4,1660,1530,DE11D,Ostalbkreis
1902812,3,1670,1520,DE12,Karlsruhe
1902813,4,1680,1670,DE121,"Baden-Baden, Stadtkreis"
1902814,4,1690,1670,DE122,"Karlsruhe, Stadtkreis"
1902815,4,1700,1670,DE123,"Karlsruhe, Landkreis"
1902816,4,1710,1670,DE124,Rastatt
1902817,4,1720,1670,DE125,"Heidelberg, Stadtkreis"
1902818,4,1730,1670,DE126,"Mannheim, Stadtkreis"
1902819,4,1740,1670,DE127,Neckar-Odenwald-Kreis
1902820,4,1750,1670,DE128,Rhein-Neckar-Kreis
1902821,4,1760,1670,DE129,"Pforzheim, Stadtkreis"
1902822,4,1770,1670,DE12A,Calw
1902823,4,1780,1670,DE12B,Enzkreis
1902824,4,1790,1670,DE12C,Freudenstadt
1902825,3,1800,1520,DE13,Freiburg
1902826,4,1810,1800,DE131,"Freiburg im Breisgau, Stadtkreis"
1902827,4,1820,1800,DE132,Breisgau-Hochschwarzwald
1902828,4,1830,1800,DE133,Emmendingen
1902829,4,1840,1800,DE134,Ortenaukreis
1902830,4,1850,1800,DE135,Rottweil
1902831,4,1860,1800,DE136,Schwarzwald-Baar-Kreis
1902832,4,1870,1800,DE137,Tuttlingen
1902833,4,1880,1800,DE138,Konstanz
1902834,4,1890,1800,DE139,Lörrach
1902835,4,1900,1800,DE13A,Waldshut
1902836,3,1910,1520,DE14,Tübingen
1902837,4,1920,1910,DE141,Reutlingen
1902838,4,1930,1910,DE142,"Tübingen, Landkreis"
1902839,4,1940,1910,DE143,Zollernalbkreis
1902840,4,1950,1910,DE144,"Ulm, Stadtkreis"
1902841,4,1960,1910,DE145,Alb-Donau-Kreis
1902842,4,1970,1910,DE146,Biberach
1902843,4,1980,1910,DE147,Bodenseekreis
1902844,4,1990,1910,DE148,Ravensburg
1902845,4,2000,1910,DE149,Sigmaringen
1902846,2,2010,1510,DE2,BAYERN
1902847,3,2020,2010,DE21,Oberbayern
1902848,4,2030,2020,DE211,"Ingolstadt, Kreisfreie Stadt"
1902849,4,2040,2020,DE212,"München, Kreisfreie Stadt"
1902850,4,2050,2020,DE213,"Rosenheim, Kreisfreie Stadt"
1902851,4,2060,2020,DE214,Altötting
1902852,4,2070,2020,DE215,Berchtesgadener Land
1902853,4,2080,2020,DE216,Bad Tölz-Wolfratshausen
1902854,4,2090,2020,DE217,Dachau
1902855,4,2100,2020,DE218,Ebersberg
1902856,4,2110,2020,DE219,Eichstätt
1902857,4,2120,2020,DE21A,Erding
1902858,4,2130,2020,DE21B,Freising
1902859,4,2140,2020,DE21C,Fürstenfeldbruck
1902860,4,2150,2020,DE21D,Garmisch-Partenkirchen
1902861,4,2160,2020,DE21E,Landsberg am Lech
1902862,4,2170,2020,DE21F,Miesbach
1902863,4,2180,2020,DE21G,Mühldorf a. Inn
1902864,4,2190,2020,DE21H,"München, Landkreis"
1902865,4,2200,2020,DE21I,Neuburg-Schrobenhausen
1902866,4,2210,2020,DE21J,Pfaffenhofen a. d. Ilm
1902867,4,2220,2020,DE21K,"Rosenheim, Landkreis"
1902868,4,2230,2020,DE21L,Starnberg
1902869,4,2240,2020,DE21M,Traunstein
1902870,4,2250,2020,DE21N,Weilheim-Schongau
1902871,3,2260,2010,DE22,Niederbayern
1902872,4,2270,2260,DE221,"Landshut, Kreisfreie Stadt"
1902873,4,2280,2260,DE222,"Passau, Kreisfreie Stadt"
1902874,4,2290,2260,DE223,"Straubing, Kreisfreie Stadt"
1902875,4,2300,2260,DE224,Deggendorf
1902876,4,2310,2260,DE225,Freyung-Grafenau
1902877,4,2320,2260,DE226,Kelheim
1902878,4,2330,2260,DE227,"Landshut, Landkreis"
1902879,4,2340,2260,DE228,"Passau, Landkreis"
1902880,4,2350,2260,DE229,Regen
1902881,4,2360,2260,DE22A,Rottal-Inn
1902882,4,2370,2260,DE22B,Straubing-Bogen
1902883,4,2380,2260,DE22C,Dingolfing-Landau
1902884,3,2390,2010,DE23,Oberpfalz
1902885,4,2400,2390,DE231,"Amberg, Kreisfreie Stadt"
1902886,4,2410,2390,DE232,"Regensburg, Kreisfreie Stadt"
1902887,4,2420,2390,DE233,"Weiden i. d. Opf, Kreisfreie Stadt"
1902888,4,2430,2390,DE234,Amberg-Sulzbach
1902889,4,2440,2390,DE235,Cham
1902890,4,2450,2390,DE236,Neumarkt i. d. OPf.
1902891,4,2460,2390,DE237,Neustadt a. d. Waldnaab
1902892,4,2470,2390,DE238,"Regensburg, Landkreis"
1902893,4,2480,2390,DE239,Schwandorf
1902894,4,2490,2390,DE23A,Tirschenreuth
1902895,3,2500,2010,DE24,Oberfranken
1902896,4,2510,2500,DE241,"Bamberg, Kreisfreie Stadt"
1902897,4,2520,2500,DE242,"Bayreuth, Kreisfreie Stadt"
1902898,4,2530,2500,DE243,"Coburg, Kreisfreie Stadt"
1902899,4,2540,2500,DE244,"Hof, Kreisfreie Stadt"
1902900,4,2550,2500,DE245,"Bamberg, Landkreis"
1902901,4,2560,2500,DE246,"Bayreuth, Landkreis"
1902902,4,2570,2500,DE247,"Coburg, Landkreis"
1902903,4,2580,2500,DE248,Forchheim
1902904,4,2590,2500,DE249,"Hof, Landkreis"
1902905,4,2600,2500,DE24A,Kronach
1902906,4,2610,2500,DE24B,Kulmbach
1902907,4,2620,2500,DE24C,Lichtenfels
1902908,4,2630,2500,DE24D,Wunsiedel i. Fichtelgebirge
1902909,3,2640,2010,DE25,Mittelfranken
1902910,4,2650,2640,DE251,"Ansbach, Kreisfreie Stadt"
1902911,4,2660,2640,DE252,"Erlangen, Kreisfreie Stadt"
1902912,4,2670,2640,DE253,"Fürth, Kreisfreie Stadt"
1902913,4,2680,2640,DE254,"Nürnberg, Kreisfreie Stadt"
1902914,4,2690,2640,DE255,"Schwabach, Kreisfreie Stadt"
1902915,4,2700,2640,DE256,"Ansbach, Landkreis"
1902916,4,2710,2640,DE257,Erlangen-Höchstadt
1902917,4,2720,2640,DE258,"Fürth, Landkreis"
1902918,4,2730,2640,DE259,Nürnberger Land
1902919,4,2740,2640,DE25A,Neustadt a. d. Aisch-Bad Windsheim
1902920,4,2750,2640,DE25B,Roth
1902921,4,2760,2640,DE25C,Weißenburg-Gunzenhausen
1902922,3,2770,2010,DE26,Unterfranken
1902923,4,2780,2770,DE261,"Aschaffenburg, Kreisfreie Stadt"
1902924,4,2790,2770,DE262,"Schweinfurt, Kreisfreie Stadt"
1902925,4,2800,2770,DE263,"Würzburg, Kreisfreie Stadt"
1902926,4,2810,2770,DE264,"Aschaffenburg, Landkreis"
1902927,4,2820,2770,DE265,Bad Kissingen
1902928,4,2830,2770,DE266,Rhön-Grabfeld
1902929,4,2840,2770,DE267,Haßberge
1902930,4,2850,2770,DE268,Kitzingen
1902931,4,2860,2770,DE269,Miltenberg
1902932,4,2870,2770,DE26A,Main-Spessart
1902933,4,2880,2770,DE26B,"Schweinfurt, Landkreis"
1902934,4,2890,2770,DE26C,"Würzburg, Landkreis"
1902935,3,2900,2010,DE27,Schwaben
1902936,4,2910,2900,DE271,"Augsburg, Kreisfreie Stadt"
1902937,4,2920,2900,DE272,"Kaufbeuren, Kreisfreie Stadt"
1902938,4,2930,2900,DE273,"Kempten (Allgäu), Kreisfreie Stadt"
1902939,4,2940,2900,DE274,"Memmingen, Kreisfreie Stadt"
1902940,4,2950,2900,DE275,Aichach-Friedberg
1902941,4,2960,2900,DE276,"Augsburg, Landkreis"
1902942,4,2970,2900,DE277,Dillingen a.d. Donau
1902943,4,2980,2900,DE278,Günzburg
1902944,4,2990,2900,DE279,Neu-Ulm
1902945,4,3000,2900,DE27A,Lindau (Bodensee)
1902946,4,3010,2900,DE27B,Ostallgäu
1902947,4,3020,2900,DE27C,Unterallgäu
1902948,4,3030,2900,DE27D,Donau-Ries
1902949,4,3040,2900,DE27E,Oberallgäu
1902950,2,3050,1510,DE3,BERLIN
1902951,3,3060,3050,DE30,Berlin
1902952,4,3070,3060,DE300,Berlin
1902953,2,3080,1510,DE4,BRANDENBURG
1902954,3,3090,3080,DE40,Brandenburg
1902955,4,3100,3090,DE401,"Brandenburg an der Havel, Kreisfreie Stadt"
1902956,4,3110,3090,DE402,"Cottbus, Kreisfreie Stadt"
1902957,4,3120,3090,DE403,"Frankfurt (Oder), Kreisfreie Stadt"
1902958,4,3130,3090,DE404,"Potsdam, Kreisfreie Stadt"
1902959,4,3140,3090,DE405,Barnim
1902960,4,3150,3090,DE406,Dahme-Spreewald
1902961,4,3160,3090,DE407,Elbe-Elster
1902962,4,3170,3090,DE408,Havelland
1902963,4,3180,3090,DE409,Märkisch-Oderland
1902964,4,3190,3090,DE40A,Oberhavel
1902965,4,3200,3090,DE40B,Oberspreewald-Lausitz
1902966,4,3210,3090,DE40C,Oder-Spree
1902967,4,3220,3090,DE40D,Ostprignitz-Ruppin
1902968,4,3230,3090,DE40E,Potsdam-Mittelmark
1902969,4,3240,3090,DE40F,Prignitz
1902970,4,3250,3090,DE40G,Spree-Neiße
1902971,4,3260,3090,DE40H,Teltow-Fläming
1902972,4,3270,3090,DE40I,Uckermark
1902973,2,3280,1510,DE5,BREMEN
1902974,3,3290,3280,DE50,Bremen
1902975,4,3300,3290,DE501,"Bremen, Kreisfreie Stadt"
1902976,4,3310,3290,DE502,"Bremerhaven, Kreisfreie Stadt"
1902977,2,3320,1510,DE6,HAMBURG
1902978,3,3330,3320,DE60,Hamburg
1902979,4,3340,3330,DE600,Hamburg
1902980,2,3350,1510,DE7,HESSEN
1902981,3,3360,3350,DE71,Darmstadt
1902982,4,3370,3360,DE711,"Darmstadt, Kreisfreie Stadt"
1902983,4,3380,3360,DE712,"Frankfurt am Main, Kreisfreie Stadt"
1902984,4,3390,3360,DE713,"Offenbach am Main, Kreisfreie Stadt"
1902985,4,3400,3360,DE714,"Wiesbaden, Kreisfreie Stadt"
1902986,4,3410,3360,DE715,Bergstraße
1902987,4,3420,3360,DE716,Darmstadt-Dieburg
1902988,4,3430,3360,DE717,Groß-Gerau
1902989,4,3440,3360,DE718,Hochtaunuskreis
1902990,4,3450,3360,DE719,Main-Kinzig-Kreis
1902991,4,3460,3360,DE71A,Main-Taunus-Kreis
1902992,4,3470,3360,DE71B,Odenwaldkreis
1902993,4,3480,3360,DE71C,"Offenbach, Landkreis"
1902994,4,3490,3360,DE71D,Rheingau-Taunus-Kreis
1902995,4,3500,3360,DE71E,Wetteraukreis
1902996,3,3510,3350,DE72,Gießen
1902997,4,3520,3510,DE721,"Gießen, Landkreis"
1902998,4,3530,3510,DE722,Lahn-Dill-Kreis
1902999,4,3540,3510,DE723,Limburg-Weilburg
1903000,4,3550,3510,DE724,Marburg-Biedenkopf
1903001,4,3560,3510,DE725,Vogelsbergkreis
1903002,3,3570,3350,DE73,Kassel
1903003,4,3580,3570,DE731,"Kassel, Kreisfreie Stadt"
1903004,4,3590,3570,DE732,Fulda
1903005,4,3600,3570,DE733,Hersfeld-Rotenburg
1903006,4,3610,3570,DE734,"Kassel, Landkreis"
1903007,4,3620,3570,DE735,Schwalm-Eder-Kreis
1903008,4,3630,3570,DE736,Waldeck-Frankenberg
1903009,4,3640,3570,DE737,Werra-Meißner-Kreis
1903010,2,3650,1510,DE8,MECKLENBURG-VORPOMMERN
1903011,3,3660,3650,DE80,Mecklenburg-Vorpommern
1903012,4,3670,3660,DE803,"Rostock, Kreisfreie Stadt"
1903013,4,3680,3660,DE804,"Schwerin, Kreisfreie Stadt"
1903014,4,3690,3660,DE80J,Mecklenburgische Seenplatte
1903015,4,3700,3660,DE80N,Vorpommern-Greifswald
1903016,4,3710,3660,DE80K,Landkreis Rostock
1903017,4,3720,3660,DE80L,Vorpommern-Rügen
1903018,4,3730,3660,DE80M,Nordwestmecklenburg
1903019,4,3740,3660,DE80O,Ludwigslust-Parchim
1903020,2,3750,1510,DE9,NIEDERSACHSEN
1903021,3,3760,3750,DE91,Braunschweig
1903022,4,3770,3760,DE911,"Braunschweig, Kreisfreie Stadt"
1903023,4,3780,3760,DE912,"Salzgitter, Kreisfreie Stadt"
1903024,4,3790,3760,DE913,"Wolfsburg, Kreisfreie Stadt"
1903025,4,3800,3760,DE914,Gifhorn
1903026,4,3810,3760,DE916,Goslar
1903027,4,3820,3760,DE917,Helmstedt
1903028,4,3830,3760,DE918,Northeim
1903029,4,3840,3760,DE91A,Peine
1903030,4,3850,3760,DE91B,Wolfenbüttel
1903031,4,3860,3760,DE91C,Göttingen
1903032,3,3870,3750,DE92,Hannover
1903033,4,3880,3870,DE922,Diepholz
1903034,4,3890,3870,DE923,Hameln-Pyrmont
1903035,4,3900,3870,DE925,Hildesheim
1903036,4,3910,3870,DE926,Holzminden
1903037,4,3920,3870,DE927,Nienburg (Weser)
1903038,4,3930,3870,DE928,Schaumburg
1903039,4,3940,3870,DE929,Region Hannover
1903040,3,3950,3750,DE93,Lüneburg
1903041,4,3960,3950,DE931,Celle
1903042,4,3970,3950,DE932,Cuxhaven
1903043,4,3980,3950,DE933,Harburg
1903044,4,3990,3950,DE934,Lüchow-Dannenberg
1903045,4,4000,3950,DE935,"Lüneburg, Landkreis"
1903046,4,4010,3950,DE936,Osterholz
1903047,4,4020,3950,DE937,Rotenburg (Wümme)
1903048,4,4030,3950,DE938,Heidekreis
1903049,4,4040,3950,DE939,Stade
1903050,4,4050,3950,DE93A,Uelzen
1903051,4,4060,3950,DE93B,Verden
1903052,3,4070,3750,DE94,Weser-Ems
1903053,4,4080,4070,DE941,"Delmenhorst, Kreisfreie Stadt"
1903054,4,4090,4070,DE942,"Emden, Kreisfreie Stadt"
1903055,4,4100,4070,DE943,"Oldenburg (Oldenburg), Kreisfreie Stadt"
1903056,4,4110,4070,DE944,"Osnabrück, Kreisfreie Stadt"
1903057,4,4120,4070,DE945,"Wilhelmshaven, Kreisfreie Stadt"
1903058,4,4130,4070,DE946,Ammerland
1903059,4,4140,4070,DE947,Aurich
1903060,4,4150,4070,DE948,Cloppenburg
1903061,4,4160,4070,DE949,Emsland
1903062,4,4170,4070,DE94A,Friesland (DE)
1903063,4,4180,4070,DE94B,Grafschaft Bentheim
1903064,4,4190,4070,DE94C,Leer
1903065,4,4200,4070,DE94D,"Oldenburg, Landkreis"
1903066,4,4210,4070,DE94E,"Osnabrück, Landkreis"
1903067,4,4220,4070,DE94F,Vechta
1903068,4,4230,4070,DE94G,Wesermarsch
1903069,4,4240,4070,DE94H,Wittmund
1903070,2,4250,1510,DEA,NORDRHEIN-WESTFALEN
1903071,3,4260,4250,DEA1,Düsseldorf
1903072,4,4270,4260,DEA11,"Düsseldorf, Kreisfreie Stadt"
1903073,4,4280,4260,DEA12,"Duisburg, Kreisfreie Stadt"
1903074,4,4290,4260,DEA13,"Essen, Kreisfreie Stadt"
1903075,4,4300,4260,DEA14,"Krefeld, Kreisfreie Stadt"
1903076,4,4310,4260,DEA15,"Mönchengladbach, Kreisfreie Stadt"
1903077,4,4320,4260,DEA16,"Mülheim an der Ruhr, Kreisfreie Stadt"
1903078,4,4330,4260,DEA17,"Oberhausen, Kreisfreie Stadt"
1903079,4,4340,4260,DEA18,"Remscheid, Kreisfreie Stadt"
1903080,4,4350,4260,DEA19,"Solingen, Kreisfreie Stadt"
1903081,4,4360,4260,DEA1A,"Wuppertal, Kreisfreie Stadt"
1903082,4,4370,4260,DEA1B,Kleve
1903083,4,4380,4260,DEA1C,Mettmann
1903084,4,4390,4260,DEA1D,Rhein-Kreis Neuss
1903085,4,4400,4260,DEA1E,Viersen
1903086,4,4410,4260,DEA1F,Wesel
1903087,3,4420,4250,DEA2,Köln
1903088,4,4430,4420,DEA22,"Bonn, Kreisfreie Stadt"
1903089,4,4440,4420,DEA23,"Köln, Kreisfreie Stadt"
1903090,4,4450,4420,DEA24,"Leverkusen, Kreisfreie Stadt"
1903091,4,4460,4420,DEA26,Düren
1903092,4,4470,4420,DEA27,Rhein-Erft-Kreis
1903093,4,4480,4420,DEA28,Euskirchen
1903094,4,4490,4420,DEA29,Heinsberg
1903095,4,4500,4420,DEA2A,Oberbergischer Kreis
1903096,4,4510,4420,DEA2B,Rheinisch-Bergischer Kreis
1903097,4,4520,4420,DEA2C,Rhein-Sieg-Kreis
1903098,4,4530,4420,DEA2D,Städteregion Aachen
1903099,3,4540,4250,DEA3,Münster
1903100,4,4550,4540,DEA31,"Bottrop, Kreisfreie Stadt"
1903101,4,4560,4540,DEA32,"Gelsenkirchen, Kreisfreie Stadt"
1903102,4,4570,4540,DEA33,"Münster, Kreisfreie Stadt"
1903103,4,4580,4540,DEA34,Borken
1903104,4,4590,4540,DEA35,Coesfeld
1903105,4,4600,4540,DEA36,Recklinghausen
1903106,4,4610,4540,DEA37,Steinfurt
1903107,4,4620,4540,DEA38,Warendorf
1903108,3,4630,4250,DEA4,Detmold
1903109,4,4640,4630,DEA41,"Bielefeld, Kreisfreie Stadt"
1903110,4,4650,4630,DEA42,Gütersloh
1903111,4,4660,4630,DEA43,Herford
1903112,4,4670,4630,DEA44,Höxter
1903113,4,4680,4630,DEA45,Lippe
1903114,4,4690,4630,DEA46,Minden-Lübbecke
1903115,4,4700,4630,DEA47,Paderborn
1903116,3,4710,4250,DEA5,Arnsberg
1903117,4,4720,4710,DEA51,"Bochum, Kreisfreie Stadt"
1903118,4,4730,4710,DEA52,"Dortmund, Kreisfreie Stadt"
1903119,4,4740,4710,DEA53,"Hagen, Kreisfreie Stadt"
1903120,4,4750,4710,DEA54,"Hamm, Kreisfreie Stadt"
1903121,4,4760,4710,DEA55,"Herne, Kreisfreie Stadt"
1903122,4,4770,4710,DEA56,Ennepe-Ruhr-Kreis
1903123,4,4780,4710,DEA57,Hochsauerlandkreis
1903124,4,4790,4710,DEA58,Märkischer Kreis
1903125,4,4800,4710,DEA59,Olpe
1903126,4,4810,4710,DEA5A,Siegen-Wittgenstein
1903127,4,4820,4710,DEA5B,Soest
1903128,4,4830,4710,DEA5C,Unna
1903129,2,4840,1510,DEB,RHEINLAND-PFALZ
1903130,3,4850,4840,DEB1,Koblenz
1903131,4,4860,4850,DEB11,"Koblenz, Kreisfreie Stadt"
1903132,4,4870,4850,DEB12,Ahrweiler
1903133,4,4880,4850,DEB13,Altenkirchen (Westerwald)
1903134,4,4890,4850,DEB14,Bad Kreuznach
1903135,4,4900,4850,DEB15,Birkenfeld
1903136,4,4910,4850,DEB17,Mayen-Koblenz
1903137,4,4920,4850,DEB18,Neuwied
1903138,4,4930,4850,DEB1A,Rhein-Lahn-Kreis
1903139,4,4940,4850,DEB1B,Westerwaldkreis
1903140,4,4950,4850,DEB1C,Cochem-Zell
1903141,4,4960,4850,DEB1D,Rhein-Hunsrück-Kreis
1903142,3,4970,4840,DEB2,Trier
1903143,4,4980,4970,DEB21,"Trier, Kreisfreie Stadt"
1903144,4,4990,4970,DEB22,Bernkastel-Wittlich
1903145,4,5000,4970,DEB23,Eifelkreis Bitburg-Prüm
1903146,4,5010,4970,DEB24,Vulkaneifel
1903147,4,5020,4970,DEB25,Trier-Saarburg
1903148,3,5030,4840,DEB3,Rheinhessen-Pfalz
1903149,4,5040,5030,DEB31,"Frankenthal (Pfalz), Kreisfreie Stadt"
1903150,4,5050,5030,DEB32,"Kaiserslautern, Kreisfreie Stadt"
1903151,4,5060,5030,DEB33,"Landau in der Pfalz, Kreisfreie Stadt"
1903152,4,5070,5030,DEB34,"Ludwigshafen am Rhein, Kreisfreie Stadt"
1903153,4,5080,5030,DEB35,"Mainz, Kreisfreie Stadt"
1903154,4,5090,5030,DEB36,"Neustadt an der Weinstraße, Kreisfreie Stadt"
1903155,4,5100,5030,DEB37,"Pirmasens, Kreisfreie Stadt"
1903156,4,5110,5030,DEB38,"Speyer, Kreisfreie Stadt"
1903157,4,5120,5030,DEB39,"Worms, Kreisfreie Stadt"
1903158,4,5130,5030,DEB3A,"Zweibrücken, Kreisfreie Stadt"
1903159,4,5140,5030,DEB3B,Alzey-Worms
1903160,4,5150,5030,DEB3C,Bad Dürkheim
1903161,4,5160,5030,DEB3D,Donnersbergkreis
1903162,4,5170,5030,DEB3E,Germersheim
1903163,4,5180,5030,DEB3F,"Kaiserslautern, Landkreis"
1903164,4,5190,5030,DEB3G,Kusel
1903165,4,5200,5030,DEB3H,Südliche Weinstraße
1903166,4,5210,5030,DEB3I,Rhein-Pfalz-Kreis
1903167,4,5220,5030,DEB3J,Mainz-Bingen
1903168,4,5230,5030,DEB3K,Südwestpfalz
1903169,2,5240,1510,DEC,SAARLAND
1903170,3,5250,5240,DEC0,Saarland
1903171,4,5260,5250,DEC01,Regionalverband Saarbrücken
1903172,4,5270,5250,DEC02,Merzig-Wadern
1903173,4,5280,5250,DEC03,Neunkirchen
1903174,4,5290,5250,DEC04,Saarlouis
1903175,4,5300,5250,DEC05,Saarpfalz-Kreis
1903176,4,5310,5250,DEC06,St. Wendel
1903177,2,5320,1510,DED,SACHSEN
1903178,3,5330,5320,DED2,Dresden
1903179,4,5340,5330,DED21,"Dresden, Kreisfreie Stadt"
1903180,4,5350,5330,DED2C,Bautzen
1903181,4,5360,5330,DED2D,Görlitz
1903182,4,5370,5330,DED2E,Meißen
1903183,4,5380,5330,DED2F,Sächsische Schweiz-Osterzgebirge
1903184,3,5390,5320,DED4,Chemnitz
1903185,4,5400,5390,DED41,"Chemnitz, Kreisfreie Stadt"
1903186,4,5410,5390,DED42,Erzgebirgskreis
1903187,4,5420,5390,DED43,Mittelsachsen
1903188,4,5430,5390,DED44,Vogtlandkreis
1903189,4,5440,5390,DED45,Zwickau
1903190,3,5450,5320,DED5,Leipzig
1903191,4,5460,5450,DED51,"Leipzig, Kreisfreie Stadt"
1903192,4,5470,5450,DED52,Leipzig
1903193,4,5480,5450,DED53,Nordsachsen
1903194,2,5490,1510,DEE,SACHSEN-ANHALT
1903195,3,5500,5490,DEE0,Sachsen-Anhalt
1903196,4,5510,5500,DEE01,"Dessau-Roßlau, Kreisfreie Stadt"
1903197,4,5520,5500,DEE02,"Halle (Saale), Kreisfreie Stadt"
1903198,4,5530,5500,DEE03,"Magdeburg, Kreisfreie Stadt"
1903199,4,5540,5500,DEE04,Altmarkkreis Salzwedel
1903200,4,5550,5500,DEE05,Anhalt-Bitterfeld
1903201,4,5560,5500,DEE06,Jerichower Land
1903202,4,5570,5500,DEE07,Börde
1903203,4,5580,5500,DEE08,Burgenlandkreis
1903204,4,5590,5500,DEE09,Harz
1903205,4,5600,5500,DEE0A,Mansfeld-Südharz
1903206,4,5610,5500,DEE0B,Saalekreis
1903207,4,5620,5500,DEE0C,Salzlandkreis
1903208,4,5630,5500,DEE0D,Stendal
1903209,4,5640,5500,DEE0E,Wittenberg
1903210,2,5650,1510,DEF,SCHLESWIG-HOLSTEIN
1903211,3,5660,5650,DEF0,Schleswig-Holstein
1903212,4,5670,5660,DEF01,"Flensburg, Kreisfreie Stadt"
1903213,4,5680,5660,DEF02,"Kiel, Kreisfreie Stadt"
1903214,4,5690,5660,DEF03,"Lübeck, Kreisfreie Stadt"
1903215,4,5700,5660,DEF04,"Neumünster, Kreisfreie Stadt"
1903216,4,5710,5660,DEF05,Dithmarschen
1903217,4,5720,5660,DEF06,Herzogtum Lauenburg
1903218,4,5730,5660,DEF07,Nordfriesland
1903219,4,5740,5660,DEF08,Ostholstein
1903220,4,5750,5660,DEF09,Pinneberg
1903221,4,5760,5660,DEF0A,Plön
1903222,4,5770,5660,DEF0B,Rendsburg-Eckernförde
1903223,4,5780,5660,DEF0C,Schleswig-Flensburg
1903224,4,5790,5660,DEF0D,Segeberg
1903225,4,5800,5660,DEF0E,Steinburg
1903226,4,5810,5660,DEF0F,Stormarn
1903227,2,5820,1510,DEG,THÜRINGEN
1903228,3,5830,5820,DEG0,Thüringen
1903229,4,5840,5830,DEG01,"Erfurt, Kreisfreie Stadt"
1903230,4,5850,5830,DEG02,"Gera, Kreisfreie Stadt"
1903231,4,5860,5830,DEG03,"Jena, Kreisfreie Stadt"
1903232,4,5870,5830,DEG04,"Suhl, Kreisfreie Stadt"
1903233,4,5880,5830,DEG05,"Weimar, Kreisfreie Stadt"
1903234,4,5890,5830,DEG06,Eichsfeld
1903235,4,5900,5830,DEG07,Nordhausen
1903236,4,5910,5830,DEG09,Unstrut-Hainich-Kreis
1903237,4,5920,5830,DEG0A,Kyffhäuserkreis
1903238,4,5930,5830,DEG0B,Schmalkalden-Meiningen
1903239,4,5940,5830,DEG0C,Gotha
1903240,4,5950,5830,DEG0D,Sömmerda
1903241,4,5960,5830,DEG0E,Hildburghausen
1903242,4,5970,5830,DEG0F,Ilm-Kreis
1903243,4,5980,5830,DEG0G,Weimarer Land
1903244,4,5990,5830,DEG0H,Sonneberg
1903245,4,6000,5830,DEG0I,Saalfeld-Rudolstadt
1903246,4,6010,5830,DEG0J,Saale-Holzland-Kreis
1903247,4,6020,5830,DEG0K,Saale-Orla-Kreis
1903248,4,6030,5830,DEG0L,Greiz
1903249,4,6040,5830,DEG0M,Altenburger Land
1903250,4,6050,5830,DEG0N,"Eisenach, Kreisfreie Stadt"
1903251,4,6060,5830,DEG0P,Wartburgkreis
1903252,2,6070,1510,DEZ,EXTRA-REGIO NUTS 1
1903253,3,6080,6070,DEZZ,Extra-Regio NUTS 2
1903254,4,6090,6080,DEZZZ,Extra-Regio NUTS 3
1903255,1,6100,,EE,EESTI
1903256,2,6110,6100,EE0,EESTI
1903257,3,6120,6110,EE00,Eesti
1903258,4,6130,6120,EE001,Põhja-Eesti
1903259,4,6140,6120,EE004,Lääne-Eesti
1903260,4,6150,6120,EE006,Kesk-Eesti
1903261,4,6160,6120,EE007,Kirde-Eesti
1903262,4,6170,6120,EE008,Lõuna-Eesti
1903263,2,6180,6100,EEZ,EXTRA-REGIO NUTS 1
1903264,3,6190,6180,EEZZ,Extra-Regio NUTS 2
1903265,4,6200,6190,EEZZZ,Extra-Regio NUTS 3
1903266,1,6210,,IE,IRELAND
1903267,2,6220,6210,IE0,IRELAND
1903268,3,6230,6220,IE04,Northern and Western
1903269,4,6240,6230,IE041,Border
1903270,4,6250,6230,IE042,West
1903271,3,6260,6220,IE05,Southern
1903272,4,6270,6260,IE051,Mid-West
1903273,4,6280,6260,IE052,South-East
1903274,4,6290,6260,IE053,South-West
1903275,3,6300,6220,IE06,Eastern and Midland
1903276,4,6310,6300,IE061,Dublin
1903277,4,6320,6300,IE062,Mid-East
1903278,4,6330,6300,IE063,Midland
1903279,2,6340,6210,IEZ,EXTRA-REGIO NUTS 1
1903280,3,6350,6340,IEZZ,Extra-Regio NUTS 2
1903281,4,6360,6350,IEZZZ,Extra-Regio NUTS 3
1903282,1,6370,,EL,ΕΛΛΑΔΑ (ELLADA)
1903283,2,6380,6370,EL3,ATTIKΗ (ATTIKI)
1903284,3,6390,6380,EL30,Aττική (Attiki)
1903285,4,6400,6390,EL301,Βόρειος Τομέας Αθηνών (Voreios Tomeas Athinon)
1903286,4,6410,6390,EL302,Δυτικός Τομέας Αθηνών (Dytikos Tomeas Athinon)
1903287,4,6420,6390,EL303,Κεντρικός Τομέας Αθηνών (Kentrikos Tomeas Athinon)
1903288,4,6430,6390,EL304,Νότιος Τομέας Αθηνών (Notios Tomeas Athinon)
1903289,4,6440,6390,EL305,Ανατολική Αττική (Anatoliki Attiki)
1903290,4,6450,6390,EL306,Δυτική Αττική (Dytiki Attiki)
1903291,4,6460,6390,EL307,"Πειραιάς, Νήσοι (Peiraias, Nisoi)"
1903292,2,6470,6370,EL4,"NΗΣΙΑ ΑΙΓΑΙΟΥ, KΡΗΤΗ (NISIA AIGAIOU, KRITI)"
1903293,3,6480,6470,EL41,Βόρειο Αιγαίο (Voreio Aigaio)
1903294,4,6490,6480,EL411,"Λέσβος, Λήμνος (Lesvos, Limnos)"
1903295,4,6500,6480,EL412,"Ικαρία, Σάμος (Ikaria, Samos)"
1903296,4,6510,6480,EL413,Χίος (Chios)
1903297,3,6520,6470,EL42,Νότιο Αιγαίο (Notio Aigaio)
1903298,4,6530,6520,EL421,"Κάλυμνος, Κάρπαθος, Κως, Ρόδος (Kalymnos, Karpathos, Kos, Rodos)"
1903299,4,6540,6520,EL422,"Άνδρος, Θήρα, Κέα, Μήλος, Μύκονος, Νάξος, Πάρος, Σύρος, Τήνος (Andros, Thira, Kea, Milos, Mykonos, Naxos, Paros,  Syros, Tinos)"
1903300,3,6550,6470,EL43,Κρήτη (Kriti)
1903301,4,6560,6550,EL431,Ηράκλειο (Irakleio)
1903302,4,6570,6550,EL432,Λασίθι (Lasithi)
1903303,4,6580,6550,EL433,Ρεθύμνη (Rethymni)
1903304,4,6590,6550,EL434,Χανιά (Chania)
1903305,2,6600,6370,EL5,ΒΟΡΕΙΑ ΕΛΛΑΔΑ (VOREIA ELLADA)
1903306,3,6610,6600,EL51,"Aνατολική Μακεδονία, Θράκη (Anatoliki Makedonia, Thraki)"
1903307,4,6620,6610,EL511,Έβρος (Evros)
1903308,4,6630,6610,EL512,Ξάνθη (Xanthi)
1903309,4,6640,6610,EL513,Ροδόπη (Rodopi)
1903310,4,6650,6610,EL514,Δράμα (Drama)
1903311,4,6660,6610,EL515,"Θάσος, Καβάλα (Thasos, Kavala)"
1903312,3,6670,6600,EL52,Κεντρική Μακεδονία (Kentriki Makedonia)
1903313,4,6680,6670,EL521,Ημαθία (Imathia)
1903314,4,6690,6670,EL522,Θεσσαλονίκη (Thessaloniki)
1903315,4,6700,6670,EL523,Κιλκίς (Kilkis)
1903316,4,6710,6670,EL524,Πέλλα (Pella)
1903317,4,6720,6670,EL525,Πιερία (Pieria)
1903318,4,6730,6670,EL526,Σέρρες (Serres)
1903319,4,6740,6670,EL527,Χαλκιδική (Chalkidiki)
1903320,3,6750,6600,EL53,Δυτική Μακεδονία (Dytiki Makedonia)
1903321,4,6760,6750,EL531,"Γρεβενά, Κοζάνη (Grevena, Kozani)"
1903322,4,6770,6750,EL532,Καστοριά (Kastoria)
1903323,4,6780,6750,EL533,Φλώρινα (Florina)
1903324,3,6790,6600,EL54,Ήπειρος (Ipeiros)
1903325,4,6800,6790,EL541,"Άρτα, Πρέβεζα (Arta, Preveza)"
1903326,4,6810,6790,EL542,Θεσπρωτία (Thesprotia)
1903327,4,6820,6790,EL543,Ιωάννινα (Ioannina)
1903328,2,6830,6370,EL6,ΚΕΝΤΡΙΚΗ ΕΛΛΑΔΑ (KENTRIKI ELLADA)
1903329,3,6840,6830,EL61,Θεσσαλία (Thessalia)
1903330,4,6850,6840,EL611,"Καρδίτσα, Τρίκαλα (Karditsa, Trikala)"
1903331,4,6860,6840,EL612,Λάρισα (Larisa)
1903332,4,6870,6840,EL613,"Μαγνησία, Σποράδες (Magnisia, Sporades)"
1903333,3,6880,6830,EL62,Ιόνια Νησιά (Ionia Nisia)
1903334,4,6890,6880,EL621,Ζάκυνθος (Zakynthos)
1903335,4,6900,6880,EL622,Κέρκυρα (Kerkyra)
1903336,4,6910,6880,EL623,"Ιθάκη, Κεφαλληνία (Ithaki, Kefallinia)"
1903337,4,6920,6880,EL624,Λευκάδα (Lefkada)
1903338,3,6930,6830,EL63,Δυτική Ελλάδα (Dytiki Ellada)
1903339,4,6940,6930,EL631,Αιτωλοακαρνανία (Aitoloakarnania)
1903340,4,6950,6930,EL632,Αχαΐα (Achaia)
1903341,4,6960,6930,EL633,Ηλεία (Ileia)
1903342,3,6970,6830,EL64,Στερεά Ελλάδα (Sterea Ellada)
1903343,4,6980,6970,EL641,Βοιωτία (Voiotia)
1903344,4,6990,6970,EL642,Εύβοια (Evvoia)
1903345,4,7000,6970,EL643,Ευρυτανία (Evrytania)
1903346,4,7010,6970,EL644,Φθιώτιδα (Fthiotida)
1903347,4,7020,6970,EL645,Φωκίδα (Fokida)
1903348,3,7030,6830,EL65,Πελοπόννησος (Peloponnisos)
1903349,4,7040,7030,EL651,"Αργολίδα, Αρκαδία (Argolida, Arkadia)"
1903350,4,7050,7030,EL652,Κορινθία (Korinthia)
1903351,4,7060,7030,EL653,"Λακωνία, Μεσσηνία (Lakonia, Messinia)"
1903352,2,7070,6370,ELZ,EXTRA-REGIO NUTS 1
1903353,3,7080,7070,ELZZ,Extra-Regio NUTS 2
1903354,4,7090,7080,ELZZZ,Extra-Regio NUTS 3
1903355,1,7100,,ES,ESPAÑA
1903356,2,7110,7100,ES1,NOROESTE
1903357,3,7120,7110,ES11,Galicia
1903358,4,7130,7120,ES111,A Coruña
1903359,4,7140,7120,ES112,Lugo
1903360,4,7150,7120,ES113,Ourense
1903361,4,7160,7120,ES114,Pontevedra
1903362,3,7170,7110,ES12,Principado de Asturias
1903363,4,7180,7170,ES120,Asturias
1903364,3,7190,7110,ES13,Cantabria
1903365,4,7200,7190,ES130,Cantabria
1903366,2,7210,7100,ES2,NORESTE
1903367,3,7220,7210,ES21,País Vasco
1903368,4,7230,7220,ES211,Araba/Álava
1903369,4,7240,7220,ES212,Gipuzkoa
1903370,4,7250,7220,ES213,Bizkaia
1903371,3,7260,7210,ES22,Comunidad Foral de Navarra
1903372,4,7270,7260,ES220,Navarra
1903373,3,7280,7210,ES23,La Rioja
1903374,4,7290,7280,ES230,La Rioja
1903375,3,7300,7210,ES24,Aragón
1903376,4,7310,7300,ES241,Huesca
1903377,4,7320,7300,ES242,Teruel
1903378,4,7330,7300,ES243,Zaragoza
1903379,2,7340,7100,ES3,COMUNIDAD DE MADRID
1903380,3,7350,7340,ES30,Comunidad de Madrid
1903381,4,7360,7350,ES300,Madrid
1903382,2,7370,7100,ES4,CENTRO (ES)
1903383,3,7380,7370,ES41,Castilla y León
1903384,4,7390,7380,ES411,Ávila
1903385,4,7400,7380,ES412,Burgos
1903386,4,7410,7380,ES413,León
1903387,4,7420,7380,ES414,Palencia
1903388,4,7430,7380,ES415,Salamanca
1903389,4,7440,7380,ES416,Segovia
1903390,4,7450,7380,ES417,Soria
1903391,4,7460,7380,ES418,Valladolid
1903392,4,7470,7380,ES419,Zamora
1903393,3,7480,7370,ES42,Castilla-La Mancha
1903394,4,7490,7480,ES421,Albacete
1903395,4,7500,7480,ES422,Ciudad Real
1903396,4,7510,7480,ES423,Cuenca
1903397,4,7520,7480,ES424,Guadalajara
1903398,4,7530,7480,ES425,Toledo
1903399,3,7540,7370,ES43,Extremadura
1903400,4,7550,7540,ES431,Badajoz
1903401,4,7560,7540,ES432,Cáceres
1903402,2,7570,7100,ES5,ESTE
1903403,3,7580,7570,ES51,Cataluña
1903404,4,7590,7580,ES511,Barcelona
1903405,4,7600,7580,ES512,Girona
1903406,4,7610,7580,ES513,Lleida
1903407,4,7620,7580,ES514,Tarragona
1903408,3,7630,7570,ES52,Comunidad Valenciana
1903409,4,7640,7630,ES521,Alicante / Alacant
1903410,4,7650,7630,ES522,Castellón / Castelló
1903411,4,7660,7630,ES523,Valencia / València
1903412,3,7670,7570,ES53,Illes Balears
1903413,4,7680,7670,ES531,Eivissa y Formentera
1903414,4,7690,7670,ES532,Mallorca
1903415,4,7700,7670,ES533,Menorca
1903416,2,7710,7100,ES6,SUR
1903417,3,7720,7710,ES61,Andalucía
1903418,4,7730,7720,ES611,Almería
1903419,4,7740,7720,ES612,Cádiz
1903420,4,7750,7720,ES613,Córdoba
1903421,4,7760,7720,ES614,Granada
1903422,4,7770,7720,ES615,Huelva
1903423,4,7780,7720,ES616,Jaén
1903424,4,7790,7720,ES617,Málaga
1903425,4,7800,7720,ES618,Sevilla
1903426,3,7810,7710,ES62,Región de Murcia
1903427,4,7820,7810,ES620,Murcia
1903428,3,7830,7710,ES63,Ciudad Autónoma de Ceuta
1903429,4,7840,7830,ES630,Ceuta
1903430,3,7850,7710,ES64,Ciudad Autónoma de Melilla
1903431,4,7860,7850,ES640,Melilla
1903432,2,7870,7100,ES7,CANARIAS
1903433,3,7880,7870,ES70,Canarias
1903434,4,7890,7880,ES703,El Hierro
1903435,4,7900,7880,ES704,Fuerteventura
1903436,4,7910,7880,ES705,Gran Canaria
1903437,4,7920,7880,ES706,La Gomera
1903438,4,7930,7880,ES707,La Palma
1903439,4,7940,7880,ES708,Lanzarote
1903440,4,7950,7880,ES709,Tenerife
1903441,2,7960,7100,ESZ,EXTRA-REGIO NUTS 1
1903442,3,7970,7960,ESZZ,Extra-Regio NUTS 2
1903443,4,7980,7970,ESZZZ,Extra-Regio NUTS 3
1903444,1,7990,,FR,FRANCE
1903445,2,8000,7990,FR1,ILE-DE-FRANCE
1903446,3,8010,8000,FR10,Ile-de-France
1903447,4,8020,8010,FR101,Paris
1903448,4,8030,8010,FR102,Seine-et-Marne
1903449,4,8040,8010,FR103,Yvelines
1903450,4,8050,8010,FR104,Essonne
1903451,4,8060,8010,FR105,Hauts-de-Seine
1903452,4,8070,8010,FR106,Seine-Saint-Denis
1903453,4,8080,8010,FR107,Val-de-Marne
1903454,4,8090,8010,FR108,Val-d’Oise
1903455,2,8100,7990,FRB,CENTRE — VAL DE LOIRE
1903456,3,8110,8100,FRB0,Centre — Val de Loire
1903457,4,8120,8110,FRB01,Cher
1903458,4,8130,8110,FRB02,Eure-et-Loir
1903459,4,8140,8110,FRB03,Indre
1903460,4,8150,8110,FRB04,Indre-et-Loire
1903461,4,8160,8110,FRB05,Loir-et-Cher
1903462,4,8170,8110,FRB06,Loiret
1903463,2,8180,7990,FRC,BOURGOGNE-FRANCHE-COMTÉ
1903464,3,8190,8180,FRC1,Bourgogne
1903465,4,8200,8190,FRC11,Côte-d’Or
1903466,4,8210,8190,FRC12,Nièvre
1903467,4,8220,8190,FRC13,Saône-et-Loire
1903468,4,8230,8190,FRC14,Yonne
1903469,3,8240,8180,FRC2,Franche-Comté
1903470,4,8250,8240,FRC21,Doubs
1903471,4,8260,8240,FRC22,Jura
1903472,4,8270,8240,FRC23,Haute-Saône
1903473,4,8280,8240,FRC24,Territoire de Belfort
1903474,2,8290,7990,FRD,NORMANDIE
1903475,3,8300,8290,FRD1,Basse-Normandie
1903476,4,8310,8300,FRD11,Calvados
1903477,4,8320,8300,FRD12,Manche
1903478,4,8330,8300,FRD13,Orne
1903479,3,8340,8290,FRD2,Haute-Normandie
1903480,4,8350,8340,FRD21,Eure
1903481,4,8360,8340,FRD22,Seine-Maritime
1903482,2,8370,7990,FRE,NORD-PAS DE CALAIS-PICARDIE
1903483,3,8380,8370,FRE1,Nord-Pas de Calais
1903484,4,8390,8380,FRE11,Nord
1903485,4,8400,8380,FRE12,Pas-de-Calais
1903486,3,8410,8370,FRE2,Picardie
1903487,4,8420,8410,FRE21,Aisne
1903488,4,8430,8410,FRE22,Oise
1903489,4,8440,8410,FRE23,Somme
1903490,2,8450,7990,FRF,ALSACE-CHAMPAGNE-ARDENNE-LORRAINE
1903491,3,8460,8450,FRF1,Alsace
1903492,4,8470,8460,FRF11,Bas-Rhin
1903493,4,8480,8460,FRF12,Haut-Rhin
1903494,3,8490,8450,FRF2,Champagne-Ardenne
1903495,4,8500,8490,FRF21,Ardennes
1903496,4,8510,8490,FRF22,Aube
1903497,4,8520,8490,FRF23,Marne
1903498,4,8530,8490,FRF24,Haute-Marne
1903499,3,8540,8450,FRF3,Lorraine
1903500,4,8550,8540,FRF31,Meurthe-et-Moselle
1903501,4,8560,8540,FRF32,Meuse
1903502,4,8570,8540,FRF33,Moselle
1903503,4,8580,8540,FRF34,Vosges
1903504,2,8590,7990,FRG,PAYS DE LA LOIRE
1903505,3,8600,8590,FRG0,Pays de la Loire
1903506,4,8610,8600,FRG01,Loire-Atlantique
1903507,4,8620,8600,FRG02,Maine-et-Loire
1903508,4,8630,8600,FRG03,Mayenne
1903509,4,8640,8600,FRG04,Sarthe
1903510,4,8650,8600,FRG05,Vendée
1903511,2,8660,7990,FRH,BRETAGNE
1903512,3,8670,8660,FRH0,Bretagne
1903513,4,8680,8670,FRH01,Côtes-d’Armor
1903514,4,8690,8670,FRH02,Finistère
1903515,4,8700,8670,FRH03,Ille-et-Vilaine
1903516,4,8710,8670,FRH04,Morbihan
1903517,2,8720,7990,FRI,AQUITAINE-LIMOUSIN-POITOU-CHARENTES
1903518,3,8730,8720,FRI1,Aquitaine
1903519,4,8740,8730,FRI11,Dordogne
1903520,4,8750,8730,FRI12,Gironde
1903521,4,8760,8730,FRI13,Landes
1903522,4,8770,8730,FRI14,Lot-et-Garonne
1903523,4,8780,8730,FRI15,Pyrénées-Atlantiques
1903524,3,8790,8720,FRI2,Limousin
1903525,4,8800,8790,FRI21,Corrèze
1903526,4,8810,8790,FRI22,Creuse
1903527,4,8820,8790,FRI23,Haute-Vienne
1903528,3,8830,8720,FRI3,Poitou-Charentes
1903529,4,8840,8830,FRI31,Charente
1903530,4,8850,8830,FRI32,Charente-Maritime
1903531,4,8860,8830,FRI33,Deux-Sèvres
1903532,4,8870,8830,FRI34,Vienne
1903533,2,8880,7990,FRJ,LANGUEDOC-ROUSSILLON-MIDI-PYRÉNÉES
1903534,3,8890,8880,FRJ1,Languedoc-Roussillon
1903535,4,8900,8890,FRJ11,Aude
1903536,4,8910,8890,FRJ12,Gard
1903537,4,8920,8890,FRJ13,Hérault
1903538,4,8930,8890,FRJ14,Lozère
1903539,4,8940,8890,FRJ15,Pyrénées-Orientales
1903540,3,8950,8880,FRJ2,Midi-Pyrénées
1903541,4,8960,8950,FRJ21,Ariège
1903542,4,8970,8950,FRJ22,Aveyron
1903543,4,8980,8950,FRJ23,Haute-Garonne
1903544,4,8990,8950,FRJ24,Gers
1903545,4,9000,8950,FRJ25,Lot
1903546,4,9010,8950,FRJ26,Hautes-Pyrénées
1903547,4,9020,8950,FRJ27,Tarn
1903548,4,9030,8950,FRJ28,Tarn-et-Garonne
1903549,2,9040,7990,FRK,AUVERGNE-RHÔNE-ALPES
1903550,3,9050,9040,FRK1,Auvergne
1903551,4,9060,9050,FRK11,Allier
1903552,4,9070,9050,FRK12,Cantal
1903553,4,9080,9050,FRK13,Haute-Loire
1903554,4,9090,9050,FRK14,Puy-de-Dôme
1903555,3,9100,9040,FRK2,Rhône-Alpes
1903556,4,9110,9100,FRK21,Ain
1903557,4,9120,9100,FRK22,Ardèche
1903558,4,9130,9100,FRK23,Drôme
1903559,4,9140,9100,FRK24,Isère
1903560,4,9150,9100,FRK25,Loire
1903561,4,9160,9100,FRK26,Rhône
1903562,4,9170,9100,FRK27,Savoie
1903563,4,9180,9100,FRK28,Haute-Savoie
1903564,2,9190,7990,FRL,PROVENCE-ALPES-CÔTE D’AZUR
1903565,3,9200,9190,FRL0,Provence-Alpes-Côte d’Azur
1903566,4,9210,9200,FRL01,Alpes-de-Haute-Provence
1903567,4,9220,9200,FRL02,Hautes-Alpes
1903568,4,9230,9200,FRL03,Alpes-Maritimes
1903569,4,9240,9200,FRL04,Bouches-du-Rhône
1903570,4,9250,9200,FRL05,Var
1903571,4,9260,9200,FRL06,Vaucluse
1903572,2,9270,7990,FRM,CORSE
1903573,3,9280,9270,FRM0,Corse
1903574,4,9290,9280,FRM01,Corse-du-Sud
1903575,4,9300,9280,FRM02,Haute-Corse
1903576,2,9310,7990,FRY,RUP FR — RÉGIONS ULTRAPÉRIPHÉRIQUES FRANÇAISES
1903577,3,9320,9310,FRY1,Guadeloupe
1903578,4,9330,9320,FRY10,Guadeloupe
1903579,3,9340,9310,FRY2,Martinique
1903580,4,9350,9340,FRY20,Martinique
1903581,3,9360,9310,FRY3,Guyane
1903582,4,9370,9360,FRY30,Guyane
1903583,3,9380,9310,FRY4,La Réunion
1903584,4,9390,9380,FRY40,La Réunion
1903585,3,9400,9310,FRY5,Mayotte
1903586,4,9410,9400,FRY50,Mayotte
1903587,2,9420,7990,FRZ,EXTRA-REGIO NUTS 1
1903588,3,9430,9420,FRZZ,Extra-Regio NUTS 2
1903589,4,9440,9430,FRZZZ,Extra-Regio NUTS 3
1903590,1,9450,,HR,HRVATSKA
1903591,2,9460,9450,HR0,HRVATSKA
1903592,3,9470,9460,HR03,Jadranska Hrvatska
1903593,4,9480,9470,HR031,Primorsko-goranska županija
1903594,4,9490,9470,HR032,Ličko-senjska županija
1903595,4,9500,9470,HR033,Zadarska županija
1903596,4,9510,9470,HR034,Šibensko-kninska županija
1903597,4,9520,9470,HR035,Splitsko-dalmatinska županija
1903598,4,9530,9470,HR036,Istarska županija
1903599,4,9540,9470,HR037,Dubrovačko-neretvanska županija
1903600,3,9550,9460,HR04,Kontinentalna Hrvatska
1903601,4,9560,9550,HR041,Grad Zagreb
1903602,4,9570,9550,HR042,Zagrebačka županija
1903603,4,9580,9550,HR043,Krapinsko-zagorska županija
1903604,4,9590,9550,HR044,Varaždinska županija
1903605,4,9600,9550,HR045,Koprivničko-križevačka županija
1903606,4,9610,9550,HR046,Međimurska županija
1903607,4,9620,9550,HR047,Bjelovarsko-bilogorska županija
1903608,4,9630,9550,HR048,Virovitičko-podravska županija
1903609,4,9640,9550,HR049,Požeško-slavonska županija
1903610,4,9650,9550,HR04A,Brodsko-posavska županija
1903611,4,9660,9550,HR04B,Osječko-baranjska županija
1903612,4,9670,9550,HR04C,Vukovarsko-srijemska županija
1903613,4,9680,9550,HR04D,Karlovačka županija
1903614,4,9690,9550,HR04E,Sisačko-moslavačka županija
1903615,2,9700,9450,HRZ,EXTRA-REGIO NUTS 1
1903616,3,9710,9700,HRZZ,Extra-Regio NUTS 2
1903617,4,9720,9710,HRZZZ,Extra-Regio NUTS 3
1903618,1,9730,,IT,ITALIA
1903619,2,9740,9730,ITC,NORD-OVEST
1903620,3,9750,9740,ITC1,Piemonte
1903621,4,9760,9750,ITC11,Torino
1903622,4,9770,9750,ITC12,Vercelli
1903623,4,9780,9750,ITC13,Biella
1903624,4,9790,9750,ITC14,Verbano-Cusio-Ossola
1903625,4,9800,9750,ITC15,Novara
1903626,4,9810,9750,ITC16,Cuneo
1903627,4,9820,9750,ITC17,Asti
1903628,4,9830,9750,ITC18,Alessandria
1903629,3,9840,9740,ITC2,Valle d’Aosta/Vallée d’Aoste
1903630,4,9850,9840,ITC20,Valle d’Aosta/Vallée d’Aoste
1903631,3,9860,9740,ITC3,Liguria
1903632,4,9870,9860,ITC31,Imperia
1903633,4,9880,9860,ITC32,Savona
1903634,4,9890,9860,ITC33,Genova
1903635,4,9900,9860,ITC34,La Spezia
1903636,3,9910,9740,ITC4,Lombardia
1903637,4,9920,9910,ITC41,Varese
1903638,4,9930,9910,ITC42,Como
1903639,4,9940,9910,ITC43,Lecco
1903640,4,9950,9910,ITC44,Sondrio
1903641,4,9960,9910,ITC46,Bergamo
1903642,4,9970,9910,ITC47,Brescia
1903643,4,9980,9910,ITC48,Pavia
1903644,4,9990,9910,ITC49,Lodi
1903645,4,10000,9910,ITC4A,Cremona
1903646,4,10010,9910,ITC4B,Mantova
1903647,4,10020,9910,ITC4C,Milano
1903648,4,10030,9910,ITC4D,Monza e della Brianza
1903649,2,10040,9730,ITF,SUD
1903650,3,10050,10040,ITF1,Abruzzo
1903651,4,10060,10050,ITF11,L’Aquila
1903652,4,10070,10050,ITF12,Teramo
1903653,4,10080,10050,ITF13,Pescara
1903654,4,10090,10050,ITF14,Chieti
1903655,3,10100,10040,ITF2,Molise
1903656,4,10110,10100,ITF21,Isernia
1903657,4,10120,10100,ITF22,Campobasso
1903658,3,10130,10040,ITF3,Campania
1903659,4,10140,10130,ITF31,Caserta
1903660,4,10150,10130,ITF32,Benevento
1903661,4,10160,10130,ITF33,Napoli
1903662,4,10170,10130,ITF34,Avellino
1903663,4,10180,10130,ITF35,Salerno
1903664,3,10190,10040,ITF4,Puglia
1903665,4,10200,10190,ITF43,Taranto
1903666,4,10210,10190,ITF44,Brindisi
1903667,4,10220,10190,ITF45,Lecce
1903668,4,10230,10190,ITF46,Foggia
1903669,4,10240,10190,ITF47,Bari
1903670,4,10250,10190,ITF48,Barletta-Andria-Trani
1903671,3,10260,10040,ITF5,Basilicata
1903672,4,10270,10260,ITF51,Potenza
1903673,4,10280,10260,ITF52,Matera
1903674,3,10290,10040,ITF6,Calabria
1903675,4,10300,10290,ITF61,Cosenza
1903676,4,10310,10290,ITF62,Crotone
1903677,4,10320,10290,ITF63,Catanzaro
1903678,4,10330,10290,ITF64,Vibo Valentia
1903679,4,10340,10290,ITF65,Reggio di Calabria
1903680,2,10350,9730,ITG,ISOLE
1903681,3,10360,10350,ITG1,Sicilia
1903682,4,10370,10360,ITG11,Trapani
1903683,4,10380,10360,ITG12,Palermo
1903684,4,10390,10360,ITG13,Messina
1903685,4,10400,10360,ITG14,Agrigento
1903686,4,10410,10360,ITG15,Caltanissetta
1903687,4,10420,10360,ITG16,Enna
1903688,4,10430,10360,ITG17,Catania
1903689,4,10440,10360,ITG18,Ragusa
1903690,4,10450,10360,ITG19,Siracusa
1903691,3,10460,10350,ITG2,Sardegna
1903692,4,10470,10460,ITG25,Sassari
1903693,4,10480,10460,ITG26,Nuoro
1903694,4,10490,10460,ITG27,Cagliari
1903695,4,10500,10460,ITG28,Oristano
1903696,4,10510,10460,ITG29,Olbia-Tempio
1903697,4,10520,10460,ITG2A,Ogliastra
1903698,4,10530,10460,ITG2B,Medio Campidano
1903699,4,10540,10460,ITG2C,Carbonia-Iglesias
1903700,2,10550,9730,ITH,NORD-EST
1903701,3,10560,10550,ITH1,Provincia Autonoma di Bolzano/Bozen
1903702,4,10570,10560,ITH10,Bolzano-Bozen
1903703,3,10580,10550,ITH2,Provincia Autonoma di Trento
1903704,4,10590,10580,ITH20,Trento
1903705,3,10600,10550,ITH3,Veneto
1903706,4,10610,10600,ITH31,Verona
1903707,4,10620,10600,ITH32,Vicenza
1903708,4,10630,10600,ITH33,Belluno
1903709,4,10640,10600,ITH34,Treviso
1903710,4,10650,10600,ITH35,Venezia
1903711,4,10660,10600,ITH36,Padova
1903712,4,10670,10600,ITH37,Rovigo
1903713,3,10680,10550,ITH4,Friuli-Venezia Giulia
1903714,4,10690,10680,ITH41,Pordenone
1903715,4,10700,10680,ITH42,Udine
1903716,4,10710,10680,ITH43,Gorizia
1903717,4,10720,10680,ITH44,Trieste
1903718,3,10730,10550,ITH5,Emilia-Romagna
1903719,4,10740,10730,ITH51,Piacenza
1903720,4,10750,10730,ITH52,Parma
1903721,4,10760,10730,ITH53,Reggio nell’Emilia
1903722,4,10770,10730,ITH54,Modena
1903723,4,10780,10730,ITH55,Bologna
1903724,4,10790,10730,ITH56,Ferrara
1903725,4,10800,10730,ITH57,Ravenna
1903726,4,10810,10730,ITH58,Forlì-Cesena
1903727,4,10820,10730,ITH59,Rimini
1903728,2,10830,9730,ITI,CENTRO (IT)
1903729,3,10840,10830,ITI1,Toscana
1903730,4,10850,10840,ITI11,Massa-Carrara
1903731,4,10860,10840,ITI12,Lucca
1903732,4,10870,10840,ITI13,Pistoia
1903733,4,10880,10840,ITI14,Firenze
1903734,4,10890,10840,ITI15,Prato
1903735,4,10900,10840,ITI16,Livorno
1903736,4,10910,10840,ITI17,Pisa
1903737,4,10920,10840,ITI18,Arezzo
1903738,4,10930,10840,ITI19,Siena
1903739,4,10940,10840,ITI1A,Grosseto
1903740,3,10950,10830,ITI2,Umbria
1903741,4,10960,10950,ITI21,Perugia
1903742,4,10970,10950,ITI22,Terni
1903743,3,10980,10830,ITI3,Marche
1903744,4,10990,10980,ITI31,Pesaro e Urbino
1903745,4,11000,10980,ITI32,Ancona
1903746,4,11010,10980,ITI33,Macerata
1903747,4,11020,10980,ITI34,Ascoli Piceno
1903748,4,11030,10980,ITI35,Fermo
1903749,3,11040,10830,ITI4,Lazio
1903750,4,11050,11040,ITI41,Viterbo
1903751,4,11060,11040,ITI42,Rieti
1903752,4,11070,11040,ITI43,Roma
1903753,4,11080,11040,ITI44,Latina
1903754,4,11090,11040,ITI45,Frosinone
1903755,2,11100,9730,ITZ,EXTRA-REGIO NUTS 1
1903756,3,11110,11100,ITZZ,Extra-Regio NUTS 2
1903757,4,11120,11110,ITZZZ,Extra-Regio NUTS 3
1903758,1,11130,,CY,ΚΥΠΡΟΣ (KYPROS)
1903759,2,11140,11130,CY0,ΚΥΠΡΟΣ (Kypros)
1903760,3,11150,11140,CY00,Κύπρος (Kypros)
1903761,4,11160,11150,CY000,Κύπρος (Kypros)
1903762,2,11170,11130,CYZ,EXTRA-REGIO NUTS 1
1903763,3,11180,11170,CYZZ,Extra-Regio NUTS 2
1903764,4,11190,11180,CYZZZ,Extra-Regio NUTS 3
1903765,1,11200,,LV,LATVIJA
1903766,2,11210,11200,LV0,LATVIJA
1903767,3,11220,11210,LV00,Latvija
1903768,4,11230,11220,LV003,Kurzeme
1903769,4,11240,11220,LV005,Latgale
1903770,4,11250,11220,LV006,Rīga
1903771,4,11260,11220,LV007,Pierīga
1903772,4,11270,11220,LV008,Vidzeme
1903773,4,11280,11220,LV009,Zemgale
1903774,2,11290,11200,LVZ,EXTRA-REGIO NUTS 1
1903775,3,11300,11290,LVZZ,Extra-Regio NUTS 2
1903776,4,11310,11300,LVZZZ,Extra-Regio NUTS 3
1903777,1,11320,,LT,LIETUVA
1903778,2,11330,11320,LT0,LIETUVA
1903779,3,11340,11330,LT01,Sostinės regionas
1903780,4,11350,11340,LT011,Vilniaus apskritis
1903781,3,11360,11330,LT02,Vidurio ir vakarų Lietuvos regionas
1903782,4,11370,11360,LT021,Alytaus apskritis
1903783,4,11380,11360,LT022,Kauno apskritis
1903784,4,11390,11360,LT023,Klaipėdos apskritis
1903785,4,11400,11360,LT024,Marijampolės apskritis
1903786,4,11410,11360,LT025,Panevėžio apskritis
1903787,4,11420,11360,LT026,Šiaulių apskritis
1903788,4,11430,11360,LT027,Tauragės apskritis
1903789,4,11440,11360,LT028,Telšių apskritis
1903790,4,11450,11360,LT029,Utenos apskritis
1903791,2,11460,11320,LTZ,EXTRA-REGIO NUTS 1
1903792,3,11470,11460,LTZZ,Extra-Regio NUTS 2
1903793,4,11480,11470,LTZZZ,Extra-Regio NUTS 3
1903794,1,11490,,LU,LUXEMBOURG
1903795,2,11500,11490,LU0,LUXEMBOURG
1903796,3,11510,11500,LU00,Luxembourg
1903797,4,11520,11510,LU000,Luxembourg
1903798,2,11530,11490,LUZ,EXTRA-REGIO NUTS 1
1903799,3,11540,11530,LUZZ,Extra-Regio NUTS 2
1903800,4,11550,11540,LUZZZ,Extra-Regio NUTS 3
1903801,1,11560,,HU,MAGYARORSZÁG
1903802,2,11570,11560,HU1,KÖZÉP-MAGYARORSZÁG
1903803,3,11580,11570,HU11,Budapest
1903804,4,11590,11580,HU110,Budapest
1903805,3,11600,11570,HU12,Pest
1903806,4,11610,11600,HU120,Pest
1903807,2,11620,11560,HU2,DUNÁNTÚL
1903808,3,11630,11620,HU21,Közép-Dunántúl
1903809,4,11640,11630,HU211,Fejér
1903810,4,11650,11630,HU212,Komárom-Esztergom
1903811,4,11660,11630,HU213,Veszprém
1903812,3,11670,11620,HU22,Nyugat-Dunántúl
1903813,4,11680,11670,HU221,Győr-Moson-Sopron
1903814,4,11690,11670,HU222,Vas
1903815,4,11700,11670,HU223,Zala
1903816,3,11710,11620,HU23,Dél-Dunántúl
1903817,4,11720,11710,HU231,Baranya
1903818,4,11730,11710,HU232,Somogy
1903819,4,11740,11710,HU233,Tolna
1903820,2,11750,11560,HU3,ALFÖLD ÉS ÉSZAK
1903821,3,11760,11750,HU31,Észak-Magyarország
1903822,4,11770,11760,HU311,Borsod-Abaúj-Zemplén
1903823,4,11780,11760,HU312,Heves
1903824,4,11790,11760,HU313,Nógrád
1903825,3,11800,11750,HU32,Észak-Alföld
1903826,4,11810,11800,HU321,Hajdú-Bihar
1903827,4,11820,11800,HU322,Jász-Nagykun-Szolnok
1903828,4,11830,11800,HU323,Szabolcs-Szatmár-Bereg
1903829,3,11840,11750,HU33,Dél-Alföld
1903830,4,11850,11840,HU331,Bács-Kiskun
1903831,4,11860,11840,HU332,Békés
1903832,4,11870,11840,HU333,Csongrád
1903833,2,11880,11560,HUZ,EXTRA-REGIO NUTS 1
1903834,3,11890,11880,HUZZ,Extra-Regio NUTS 2
1903835,4,11900,11890,HUZZZ,Extra-Regio NUTS 3
1903836,1,11910,,MT,MALTA
1903837,2,11920,11910,MT0,MALTA
1903838,3,11930,11920,MT00,Malta
1903839,4,11940,11930,MT001,Malta
1903840,4,11950,11930,MT002,Gozo and Comino/Għawdex u Kemmuna
1903841,2,11960,11910,MTZ,EXTRA-REGIO NUTS 1
1903842,3,11970,11960,MTZZ,Extra-Regio NUTS 2
1903843,4,11980,11970,MTZZZ,Extra-Regio NUTS 3
1903844,1,11990,,NL,NEDERLAND
1903845,2,12000,11990,NL1,NOORD-NEDERLAND
1903846,3,12010,12000,NL11,Groningen
1903847,4,12020,12010,NL111,Oost-Groningen
1903848,4,12030,12010,NL112,Delfzijl en omgeving
1903849,4,12040,12010,NL113,Overig Groningen
1903850,3,12050,12000,NL12,Friesland (NL)
1903851,4,12060,12050,NL124,Noord-Friesland
1903852,4,12070,12050,NL125,Zuidwest-Friesland
1903853,4,12080,12050,NL126,Zuidoost-Friesland
1903854,3,12090,12000,NL13,Drenthe
1903855,4,12100,12090,NL131,Noord-Drenthe
1903856,4,12110,12090,NL132,Zuidoost-Drenthe
1903857,4,12120,12090,NL133,Zuidwest-Drenthe
1903858,2,12130,11990,NL2,OOST-NEDERLAND
1903859,3,12140,12130,NL21,Overijssel
1903860,4,12150,12140,NL211,Noord-Overijssel
1903861,4,12160,12140,NL212,Zuidwest-Overijssel
1903862,4,12170,12140,NL213,Twente
1903863,3,12180,12130,NL22,Gelderland
1903864,4,12190,12180,NL221,Veluwe
1903865,4,12200,12180,NL224,Zuidwest-Gelderland
1903866,4,12210,12180,NL225,Achterhoek
1903867,4,12220,12180,NL226,Arnhem/Nijmegen
1903868,3,12230,12130,NL23,Flevoland
1903869,4,12240,12230,NL230,Flevoland
1903870,2,12250,11990,NL3,WEST-NEDERLAND
1903871,3,12260,12250,NL31,Utrecht
1903872,4,12270,12260,NL310,Utrecht
1903873,3,12280,12250,NL32,Noord-Holland
1903874,4,12290,12280,NL321,Kop van Noord-Holland
1903875,4,12300,12280,NL323,IJmond
1903876,4,12310,12280,NL324,Agglomeratie Haarlem
1903877,4,12320,12280,NL325,Zaanstreek
1903878,4,12330,12280,NL327,Het Gooi en Vechtstreek
1903879,4,12340,12280,NL328,Alkmaar en omgeving
1903880,4,12350,12280,NL329,Groot-Amsterdam
1903881,3,12360,12250,NL33,Zuid-Holland
1903882,4,12370,12360,NL332,Agglomeratie ’s-Gravenhage
1903883,4,12380,12360,NL333,Delft en Westland
1903884,4,12390,12360,NL337,Agglomeratie Leiden en Bollenstreek
1903885,4,12400,12360,NL33A,Zuidoost-Zuid-Holland
1903886,4,12410,12360,NL33B,Oost-Zuid-Holland
1903887,4,12420,12360,NL33C,Groot-Rijnmond
1903888,3,12430,12250,NL34,Zeeland
1903889,4,12440,12430,NL341,Zeeuwsch-Vlaanderen
1903890,4,12450,12430,NL342,Overig Zeeland
1903891,2,12460,11990,NL4,ZUID-NEDERLAND
1903892,3,12470,12460,NL41,Noord-Brabant
1903893,4,12480,12470,NL411,West-Noord-Brabant
1903894,4,12490,12470,NL412,Midden-Noord-Brabant
1903895,4,12500,12470,NL413,Noordoost-Noord-Brabant
1903896,4,12510,12470,NL414,Zuidoost-Noord-Brabant
1903897,3,12520,12460,NL42,Limburg (NL)
1903898,4,12530,12520,NL421,Noord-Limburg
1903899,4,12540,12520,NL422,Midden-Limburg
1903900,4,12550,12520,NL423,Zuid-Limburg
1903901,2,12560,11990,NLZ,EXTRA-REGIO NUTS 1
1903902,3,12570,12560,NLZZ,Extra-Regio NUTS 2
1903903,4,12580,12570,NLZZZ,Extra-Regio NUTS 3
1903904,1,12590,,AT,ÖSTERREICH
1903905,2,12600,12590,AT1,OSTÖSTERREICH
1903906,3,12610,12600,AT11,Burgenland
1903907,4,12620,12610,AT111,Mittelburgenland
1903908,4,12630,12610,AT112,Nordburgenland
1903909,4,12640,12610,AT113,Südburgenland
1903910,3,12650,12600,AT12,Niederösterreich
1903911,4,12660,12650,AT121,Mostviertel-Eisenwurzen
1903912,4,12670,12650,AT122,Niederösterreich-Süd
1903913,4,12680,12650,AT123,Sankt Pölten
1903914,4,12690,12650,AT124,Waldviertel
1903915,4,12700,12650,AT125,Weinviertel
1903916,4,12710,12650,AT126,Wiener Umland/Nordteil
1903917,4,12720,12650,AT127,Wiener Umland/Südteil
1903918,3,12730,12600,AT13,Wien
1903919,4,12740,12730,AT130,Wien
1903920,2,12750,12590,AT2,SÜDÖSTERREICH
1903921,3,12760,12750,AT21,Kärnten
1903922,4,12770,12760,AT211,Klagenfurt-Villach
1903923,4,12780,12760,AT212,Oberkärnten
1903924,4,12790,12760,AT213,Unterkärnten
1903925,3,12800,12750,AT22,Steiermark
1903926,4,12810,12800,AT221,Graz
1903927,4,12820,12800,AT222,Liezen
1903928,4,12830,12800,AT223,Östliche Obersteiermark
1903929,4,12840,12800,AT224,Oststeiermark
1903930,4,12850,12800,AT225,West- und Südsteiermark
1903931,4,12860,12800,AT226,Westliche Obersteiermark
1903932,2,12870,12590,AT3,WESTÖSTERREICH
1903933,3,12880,12870,AT31,Oberösterreich
1903934,4,12890,12880,AT311,Innviertel
1903935,4,12900,12880,AT312,Linz-Wels
1903936,4,12910,12880,AT313,Mühlviertel
1903937,4,12920,12880,AT314,Steyr-Kirchdorf
1903938,4,12930,12880,AT315,Traunviertel
1903939,3,12940,12870,AT32,Salzburg
1903940,4,12950,12940,AT321,Lungau
1903941,4,12960,12940,AT322,Pinzgau-Pongau
1903942,4,12970,12940,AT323,Salzburg und Umgebung
1903943,3,12980,12870,AT33,Tirol
1903944,4,12990,12980,AT331,Außerfern
1903945,4,13000,12980,AT332,Innsbruck
1903946,4,13010,12980,AT333,Osttirol
1903947,4,13020,12980,AT334,Tiroler Oberland
1903948,4,13030,12980,AT335,Tiroler Unterland
1903949,3,13040,12870,AT34,Vorarlberg
1903950,4,13050,13040,AT341,Bludenz-Bregenzer Wald
1903951,4,13060,13040,AT342,Rheintal-Bodenseegebiet
1903952,2,13070,12590,ATZ,EXTRA-REGIO NUTS 1
1903953,3,13080,13070,ATZZ,Extra-Regio NUTS 2
1903954,4,13090,13080,ATZZZ,Extra-Regio NUTS 3
1903955,1,13100,,PL,POLSKA
1903956,2,13110,13100,PL2,MAKROREGION POŁUDNIOWY
1903957,3,13120,13110,PL21,Małopolskie
1903958,4,13130,13120,PL213,Miasto Kraków
1903959,4,13140,13120,PL214,Krakowski
1903960,4,13150,13120,PL217,Tarnowski
1903961,4,13160,13120,PL218,Nowosądecki
1903962,4,13170,13120,PL219,Nowotarski
1903963,4,13180,13120,PL21A,Oświęcimski
1903964,3,13190,13110,PL22,Śląskie
1903965,4,13200,13190,PL224,Częstochowski
1903966,4,13210,13190,PL225,Bielski
1903967,4,13220,13190,PL227,Rybnicki
1903968,4,13230,13190,PL228,Bytomski
1903969,4,13240,13190,PL229,Gliwicki
1903970,4,13250,13190,PL22A,Katowicki
1903971,4,13260,13190,PL22B,Sosnowiecki
1903972,4,13270,13190,PL22C,Tyski
1903973,2,13280,13100,PL4,MAKROREGION PÓŁNOCNO-ZACHODNI
1903974,3,13290,13280,PL41,Wielkopolskie
1903975,4,13300,13290,PL411,Pilski
1903976,4,13310,13290,PL414,Koniński
1903977,4,13320,13290,PL415,Miasto Poznań
1903978,4,13330,13290,PL416,Kaliski
1903979,4,13340,13290,PL417,Leszczyński
1903980,4,13350,13290,PL418,Poznański
1903981,3,13360,13280,PL42,Zachodniopomorskie
1903982,4,13370,13360,PL424,Miasto Szczecin
1903983,4,13380,13360,PL426,Koszaliński
1903984,4,13390,13360,PL427,Szczecinecko-pyrzycki
1903985,4,13400,13360,PL428,Szczeciński
1903986,3,13410,13280,PL43,Lubuskie
1903987,4,13420,13410,PL431,Gorzowski
1903988,4,13430,13410,PL432,Zielonogórski
1903989,2,13440,13100,PL5,MAKROREGION POŁUDNIOWO-ZACHODNI
1903990,3,13450,13440,PL51,Dolnośląskie
1903991,4,13460,13450,PL514,Miasto Wrocław
1903992,4,13470,13450,PL515,Jeleniogórski
1903993,4,13480,13450,PL516,Legnicko-głogowski
1903994,4,13490,13450,PL517,Wałbrzyski
1903995,4,13500,13450,PL518,Wrocławski
1903996,3,13510,13440,PL52,Opolskie
1903997,4,13520,13510,PL523,Nyski
1903998,4,13530,13510,PL524,Opolski
1903999,2,13540,13100,PL6,MAKROREGION PÓŁNOCNY
1904000,3,13550,13540,PL61,Kujawsko-pomorskie
1904001,4,13560,13550,PL613,Bydgosko-toruński
1904002,4,13570,13550,PL616,Grudziądzki
1904003,4,13580,13550,PL617,Inowrocławski
1904004,4,13590,13550,PL618,Świecki
1904005,4,13600,13550,PL619,Włocławski
1904006,3,13610,13540,PL62,Warmińsko-mazurskie
1904007,4,13620,13610,PL621,Elbląski
1904008,4,13630,13610,PL622,Olsztyński
1904009,4,13640,13610,PL623,Ełcki
1904010,3,13650,13540,PL63,Pomorskie
1904011,4,13660,13650,PL633,Trójmiejski
1904012,4,13670,13650,PL634,Gdański
1904013,4,13680,13650,PL636,Słupski
1904014,4,13690,13650,PL637,Chojnicki
1904015,4,13700,13650,PL638,Starogardzki
1904016,2,13710,13100,PL7,MAKROREGION CENTRALNY
1904017,3,13720,13710,PL71,Łódzkie
1904018,4,13730,13720,PL711,Miasto Łódź
1904019,4,13740,13720,PL712,Łódzki
1904020,4,13750,13720,PL713,Piotrkowski
1904021,4,13760,13720,PL714,Sieradzki
1904022,4,13770,13720,PL715,Skierniewicki
1904023,3,13780,13710,PL72,Świętokrzyskie
1904024,4,13790,13780,PL721,Kielecki
1904025,4,13800,13780,PL722,Sandomiersko-jędrzejowski
1904026,2,13810,13100,PL8,MAKROREGION WSCHODNI
1904027,3,13820,13810,PL81,Lubelskie
1904028,4,13830,13820,PL811,Bialski
1904029,4,13840,13820,PL812,Chełmsko-zamojski
1904030,4,13850,13820,PL814,Lubelski
1904031,4,13860,13820,PL815,Puławski
1904032,3,13870,13810,PL82,Podkarpackie
1904033,4,13880,13870,PL821,Krośnieński
1904034,4,13890,13870,PL822,Przemyski
1904035,4,13900,13870,PL823,Rzeszowski
1904036,4,13910,13870,PL824,Tarnobrzeski
1904037,3,13920,13810,PL84,Podlaskie
1904038,4,13930,13920,PL841,Białostocki
1904039,4,13940,13920,PL842,Łomżyński
1904040,4,13950,13920,PL843,Suwalski
1904041,2,13960,13100,PL9,MAKROREGION WOJEWÓDZTWO MAZOWIECKIE
1904042,3,13970,13960,PL91,Warszawski stołeczny
1904043,4,13980,13970,PL911,Miasto Warszawa
1904044,4,13990,13970,PL912,Warszawski wschodni
1904045,4,14000,13970,PL913,Warszawski zachodni
1904046,3,14010,13960,PL92,Mazowiecki regionalny
1904047,4,14020,14010,PL921,Radomski
1904048,4,14030,14010,PL922,Ciechanowski
1904049,4,14040,14010,PL923,Płocki
1904050,4,14050,14010,PL924,Ostrołęcki
1904051,4,14060,14010,PL925,Siedlecki
1904052,4,14070,14010,PL926,Żyrardowski
1904053,2,14080,13100,PLZ,EXTRA-REGIO NUTS 1
1904054,3,14090,14080,PLZZ,Extra-Regio NUTS 2
1904055,4,14100,14090,PLZZZ,Extra-Regio NUTS 3
1904056,1,14110,,PT,PORTUGAL
1904057,2,14120,14110,PT1,CONTINENTE
1904058,3,14130,14120,PT11,Norte
1904059,4,14140,14130,PT111,Alto Minho
1904060,4,14150,14130,PT112,Cávado
1904061,4,14160,14130,PT119,Ave
1904062,4,14170,14130,PT11A,Área Metropolitana do Porto
1904063,4,14180,14130,PT11B,Alto Tâmega
1904064,4,14190,14130,PT11C,Tâmega e Sousa
1904065,4,14200,14130,PT11D,Douro
1904066,4,14210,14130,PT11E,Terras de Trás-os-Montes
1904067,3,14220,14120,PT15,Algarve
1904068,4,14230,14220,PT150,Algarve
1904069,3,14240,14120,PT16,Centro (PT)
1904070,4,14250,14240,PT16B,Oeste
1904071,4,14260,14240,PT16D,Região de Aveiro
1904072,4,14270,14240,PT16E,Região de Coimbra
1904073,4,14280,14240,PT16F,Região de Leiria
1904074,4,14290,14240,PT16G,Viseu Dão Lafões
1904075,4,14300,14240,PT16H,Beira Baixa
1904076,4,14310,14240,PT16I,Médio Tejo
1904077,4,14320,14240,PT16J,Beiras e Serra da Estrela
1904078,3,14330,14120,PT17,Área Metropolitana de Lisboa
1904079,4,14340,14330,PT170,Área Metropolitana de Lisboa
1904080,3,14350,14120,PT18,Alentejo
1904081,4,14360,14350,PT181,Alentejo Litoral
1904082,4,14370,14350,PT184,Baixo Alentejo
1904083,4,14380,14350,PT185,Lezíria do Tejo
1904084,4,14390,14350,PT186,Alto Alentejo
1904085,4,14400,14350,PT187,Alentejo Central
1904086,2,14410,14110,PT2,REGIÃO AUTÓNOMA DOS AÇORES
1904087,3,14420,14410,PT20,Região Autónoma dos Açores
1904088,4,14430,14420,PT200,Região Autónoma dos Açores
1904089,2,14440,14110,PT3,REGIÃO AUTÓNOMA DA MADEIRA
1904090,3,14450,14440,PT30,Região Autónoma da Madeira
1904091,4,14460,14450,PT300,Região Autónoma da Madeira
1904092,2,14470,14110,PTZ,EXTRA-REGIO NUTS 1
1904093,3,14480,14470,PTZZ,Extra-Regio NUTS 2
1904094,4,14490,14480,PTZZZ,Extra-Regio NUTS 3
1904095,1,14500,,RO,ROMÂNIA
1904096,2,14510,14500,RO1,MACROREGIUNEA UNU
1904097,3,14520,14510,RO11,Nord-Vest
1904098,4,14530,14520,RO111,Bihor
1904099,4,14540,14520,RO112,Bistriţa-Năsăud
1904100,4,14550,14520,RO113,Cluj
1904101,4,14560,14520,RO114,Maramureş
1904102,4,14570,14520,RO115,Satu Mare
1904103,4,14580,14520,RO116,Sălaj
1904104,3,14590,14510,RO12,Centru
1904105,4,14600,14590,RO121,Alba
1904106,4,14610,14590,RO122,Braşov
1904107,4,14620,14590,RO123,Covasna
1904108,4,14630,14590,RO124,Harghita
1904109,4,14640,14590,RO125,Mureş
1904110,4,14650,14590,RO126,Sibiu
1904111,2,14660,14500,RO2,MACROREGIUNEA DOI
1904112,3,14670,14660,RO21,Nord-Est
1904113,4,14680,14670,RO211,Bacău
1904114,4,14690,14670,RO212,Botoşani
1904115,4,14700,14670,RO213,Iaşi
1904116,4,14710,14670,RO214,Neamţ
1904117,4,14720,14670,RO215,Suceava
1904118,4,14730,14670,RO216,Vaslui
1904119,3,14740,14660,RO22,Sud-Est
1904120,4,14750,14740,RO221,Brăila
1904121,4,14760,14740,RO222,Buzău
1904122,4,14770,14740,RO223,Constanţa
1904123,4,14780,14740,RO224,Galaţi
1904124,4,14790,14740,RO225,Tulcea
1904125,4,14800,14740,RO226,Vrancea
1904126,2,14810,14500,RO3,MACROREGIUNEA TREI
1904127,3,14820,14810,RO31,Sud - Muntenia
1904128,4,14830,14820,RO311,Argeş
1904129,4,14840,14820,RO312,Călăraşi
1904130,4,14850,14820,RO313,Dâmboviţa
1904131,4,14860,14820,RO314,Giurgiu
1904132,4,14870,14820,RO315,Ialomiţa
1904133,4,14880,14820,RO316,Prahova
1904134,4,14890,14820,RO317,Teleorman
1904135,3,14900,14810,RO32,Bucureşti - Ilfov
1904136,4,14910,14900,RO321,Bucureşti
1904137,4,14920,14900,RO322,Ilfov
1904138,2,14930,14500,RO4,MACROREGIUNEA PATRU
1904139,3,14940,14930,RO41,Sud-Vest Oltenia
1904140,4,14950,14940,RO411,Dolj
1904141,4,14960,14940,RO412,Gorj
1904142,4,14970,14940,RO413,Mehedinţi
1904143,4,14980,14940,RO414,Olt
1904144,4,14990,14940,RO415,Vâlcea
1904145,3,15000,14930,RO42,Vest
1904146,4,15010,15000,RO421,Arad
1904147,4,15020,15000,RO422,Caraş-Severin
1904148,4,15030,15000,RO423,Hunedoara
1904149,4,15040,15000,RO424,Timiş
1904150,2,15050,14500,ROZ,EXTRA-REGIO NUTS 1
1904151,3,15060,15050,ROZZ,Extra-Regio NUTS 2
1904152,4,15070,15060,ROZZZ,Extra-Regio NUTS 3
1904153,1,15080,,SI,SLOVENIJA
1904154,2,15090,15080,SI0,SLOVENIJA
1904155,3,15100,15090,SI03,Vzhodna Slovenija
1904156,4,15110,15100,SI031,Pomurska
1904157,4,15120,15100,SI032,Podravska
1904158,4,15130,15100,SI033,Koroška
1904159,4,15140,15100,SI034,Savinjska
1904160,4,15150,15100,SI035,Zasavska
1904161,4,15160,15100,SI036,Posavska
1904162,4,15170,15100,SI037,Jugovzhodna Slovenija
1904163,4,15180,15100,SI038,Primorsko-notranjska
1904164,3,15190,15090,SI04,Zahodna Slovenija
1904165,4,15200,15190,SI041,Osrednjeslovenska
1904166,4,15210,15190,SI042,Gorenjska
1904167,4,15220,15190,SI043,Goriška
1904168,4,15230,15190,SI044,Obalno-kraška
1904169,2,15240,15080,SIZ,EXTRA-REGIO NUTS 1
1904170,3,15250,15240,SIZZ,Extra-Regio NUTS 2
1904171,4,15260,15250,SIZZZ,Extra-Regio NUTS 3
1904172,1,15270,,SK,SLOVENSKO
1904173,2,15280,15270,SK0,SLOVENSKO
1904174,3,15290,15280,SK01,Bratislavský kraj
1904175,4,15300,15290,SK010,Bratislavský kraj
1904176,3,15310,15280,SK02,Západné Slovensko
1904177,4,15320,15310,SK021,Trnavský kraj
1904178,4,15330,15310,SK022,Trenčiansky kraj
1904179,4,15340,15310,SK023,Nitriansky kraj
1904180,3,15350,15280,SK03,Stredné Slovensko
1904181,4,15360,15350,SK031,Žilinský kraj
1904182,4,15370,15350,SK032,Banskobystrický kraj
1904183,3,15380,15280,SK04,Východné Slovensko
1904184,4,15390,15380,SK041,Prešovský kraj
1904185,4,15400,15380,SK042,Košický kraj
1904186,2,15410,15270,SKZ,EXTRA-REGIO NUTS 1
1904187,3,15420,15410,SKZZ,Extra-Regio NUTS 2
1904188,4,15430,15420,SKZZZ,Extra-Regio NUTS 3
1904189,1,15440,,FI,SUOMI / FINLAND
1904190,2,15450,15440,FI1,MANNER-SUOMI
1904191,3,15460,15450,FI19,Länsi-Suomi
1904192,4,15470,15460,FI193,Keski-Suomi
1904193,4,15480,15460,FI194,Etelä-Pohjanmaa
1904194,4,15490,15460,FI195,Pohjanmaa
1904195,4,15500,15460,FI196,Satakunta
1904196,4,15510,15460,FI197,Pirkanmaa
1904197,3,15520,15450,FI1B,Helsinki-Uusimaa
1904198,4,15530,15520,FI1B1,Helsinki-Uusimaa
1904199,3,15540,15450,FI1C,Etelä-Suomi
1904200,4,15550,15540,FI1C1,Varsinais-Suomi
1904201,4,15560,15540,FI1C2,Kanta-Häme
1904202,4,15570,15540,FI1C3,Päijät-Häme
1904203,4,15580,15540,FI1C4,Kymenlaakso
1904204,4,15590,15540,FI1C5,Etelä-Karjala
1904205,3,15600,15450,FI1D,Pohjois- ja Itä-Suomi
1904206,4,15610,15600,FI1D1,Etelä-Savo
1904207,4,15620,15600,FI1D2,Pohjois-Savo
1904208,4,15630,15600,FI1D3,Pohjois-Karjala
1904209,4,15640,15600,FI1D5,Keski-Pohjanmaa
1904210,4,15650,15600,FI1D7,Lappi
1904211,4,15660,15600,FI1D8,Kainuu
1904212,4,15670,15600,FI1D9,Pohjois-Pohjanmaa
1904213,2,15680,15440,FI2,ÅLAND
1904214,3,15690,15680,FI20,Åland
1904215,4,15700,15690,FI200,Åland
1904216,2,15710,15440,FIZ,EXTRA-REGIO NUTS 1
1904217,3,15720,15710,FIZZ,Extra-Regio NUTS 2
1904218,4,15730,15720,FIZZZ,Extra-Regio NUTS 3
1904219,1,15740,,SE,SVERIGE
1904220,2,15750,15740,SE1,ÖSTRA SVERIGE
1904221,3,15760,15750,SE11,Stockholm
1904222,4,15770,15760,SE110,Stockholms län
1904223,3,15780,15750,SE12,Östra Mellansverige
1904224,4,15790,15780,SE121,Uppsala län
1904225,4,15800,15780,SE122,Södermanlands län
1904226,4,15810,15780,SE123,Östergötlands län
1904227,4,15820,15780,SE124,Örebro län
1904228,4,15830,15780,SE125,Västmanlands län
1904229,2,15840,15740,SE2,SÖDRA SVERIGE
1904230,3,15850,15840,SE21,Småland med öarna
1904231,4,15860,15850,SE211,Jönköpings län
1904232,4,15870,15850,SE212,Kronobergs län
1904233,4,15880,15850,SE213,Kalmar län
1904234,4,15890,15850,SE214,Gotlands län
1904235,3,15900,15840,SE22,Sydsverige
1904236,4,15910,15900,SE221,Blekinge län
1904237,4,15920,15900,SE224,Skåne län
1904238,3,15930,15840,SE23,Västsverige
1904239,4,15940,15930,SE231,Hallands län
1904240,4,15950,15930,SE232,Västra Götalands län
1904241,2,15960,15740,SE3,NORRA SVERIGE
1904242,3,15970,15960,SE31,Norra Mellansverige
1904243,4,15980,15970,SE311,Värmlands län
1904244,4,15990,15970,SE312,Dalarnas län
1904245,4,16000,15970,SE313,Gävleborgs län
1904246,3,16010,15960,SE32,Mellersta Norrland
1904247,4,16020,16010,SE321,Västernorrlands län
1904248,4,16030,16010,SE322,Jämtlands län
1904249,3,16040,15960,SE33,Övre Norrland
1904250,4,16050,16040,SE331,Västerbottens län
1904251,4,16060,16040,SE332,Norrbottens län
1904252,2,16070,15740,SEZ,EXTRA-REGIO NUTS 1
1904253,3,16080,16070,SEZZ,Extra-Regio NUTS 2
1904254,4,16090,16080,SEZZZ,Extra-Regio NUTS 3
1904255,1,16100,,UK,UNITED KINGDOM
1904256,2,16110,16100,UKC,NORTH EAST (ENGLAND)
1904257,3,16120,16110,UKC1,Tees Valley and Durham
1904258,4,16130,16120,UKC11,Hartlepool and Stockton-on-Tees
1904259,4,16140,16120,UKC12,South Teesside
1904260,4,16150,16120,UKC13,Darlington
1904261,4,16160,16120,UKC14,Durham CC
1904262,3,16170,16110,UKC2,Northumberland and Tyne and Wear
1904263,4,16180,16170,UKC21,Northumberland
1904264,4,16190,16170,UKC22,Tyneside
1904265,4,16200,16170,UKC23,Sunderland
1904266,2,16210,16100,UKD,NORTH WEST (ENGLAND)
1904267,3,16220,16210,UKD1,Cumbria
1904268,4,16230,16220,UKD11,West Cumbria
1904269,4,16240,16220,UKD12,East Cumbria
1904270,3,16250,16210,UKD3,Greater Manchester
1904271,4,16260,16250,UKD33,Manchester
1904272,4,16270,16250,UKD34,Greater Manchester South West
1904273,4,16280,16250,UKD35,Greater Manchester South East
1904274,4,16290,16250,UKD36,Greater Manchester North West
1904275,4,16300,16250,UKD37,Greater Manchester North East
1904276,3,16310,16210,UKD4,Lancashire
1904277,4,16320,16310,UKD41,Blackburn with Darwen
1904278,4,16330,16310,UKD42,Blackpool
1904279,4,16340,16310,UKD44,Lancaster and Wyre
1904280,4,16350,16310,UKD45,Mid Lancashire
1904281,4,16360,16310,UKD46,East Lancashire
1904282,4,16370,16310,UKD47,Chorley and West Lancashire
1904283,3,16380,16210,UKD6,Cheshire
1904284,4,16390,16380,UKD61,Warrington
1904285,4,16400,16380,UKD62,Cheshire East
1904286,4,16410,16380,UKD63,Cheshire West and Chester
1904287,3,16420,16210,UKD7,Merseyside
1904288,4,16430,16420,UKD71,East Merseyside
1904289,4,16440,16420,UKD72,Liverpool
1904290,4,16450,16420,UKD73,Sefton
1904291,4,16460,16420,UKD74,Wirral
1904292,2,16470,16100,UKE,YORKSHIRE AND THE HUMBER
1904293,3,16480,16470,UKE1,East Yorkshire and Northern Lincolnshire
1904294,4,16490,16480,UKE11,"Kingston upon Hull, City of"
1904295,4,16500,16480,UKE12,East Riding of Yorkshire
1904296,4,16510,16480,UKE13,North and North East Lincolnshire
1904297,3,16520,16470,UKE2,North Yorkshire
1904298,4,16530,16520,UKE21,York
1904299,4,16540,16520,UKE22,North Yorkshire CC
1904300,3,16550,16470,UKE3,South Yorkshire
1904301,4,16560,16550,UKE31,"Barnsley, Doncaster and Rotherham"
1904302,4,16570,16550,UKE32,Sheffield
1904303,3,16580,16470,UKE4,West Yorkshire
1904304,4,16590,16580,UKE41,Bradford
1904305,4,16600,16580,UKE42,Leeds
1904306,4,16610,16580,UKE44,Calderdale and Kirklees
1904307,4,16620,16580,UKE45,Wakefield
1904308,2,16630,16100,UKF,EAST MIDLANDS (ENGLAND)
1904309,3,16640,16630,UKF1,Derbyshire and Nottinghamshire
1904310,4,16650,16640,UKF11,Derby
1904311,4,16660,16640,UKF12,East Derbyshire
1904312,4,16670,16640,UKF13,South and West Derbyshire
1904313,4,16680,16640,UKF14,Nottingham
1904314,4,16690,16640,UKF15,North Nottinghamshire
1904315,4,16700,16640,UKF16,South Nottinghamshire
1904316,3,16710,16630,UKF2,"Leicestershire, Rutland and Northamptonshire"
1904317,4,16720,16710,UKF21,Leicester
1904318,4,16730,16710,UKF22,Leicestershire CC and Rutland
1904319,4,16740,16710,UKF24,West Northamptonshire
1904320,4,16750,16710,UKF25,North Northamptonshire
1904321,3,16760,16630,UKF3,Lincolnshire
1904322,4,16770,16760,UKF30,Lincolnshire
1904323,2,16780,16100,UKG,WEST MIDLANDS (ENGLAND)
1904324,3,16790,16780,UKG1,"Herefordshire, Worcestershire and Warwickshire"
1904325,4,16800,16790,UKG11,"Herefordshire, County of"
1904326,4,16810,16790,UKG12,Worcestershire
1904327,4,16820,16790,UKG13,Warwickshire
1904328,3,16830,16780,UKG2,Shropshire and Staffordshire
1904329,4,16840,16830,UKG21,Telford and Wrekin
1904330,4,16850,16830,UKG22,Shropshire CC
1904331,4,16860,16830,UKG23,Stoke-on-Trent
1904332,4,16870,16830,UKG24,Staffordshire CC
1904333,3,16880,16780,UKG3,West Midlands
1904334,4,16890,16880,UKG31,Birmingham
1904335,4,16900,16880,UKG32,Solihull
1904336,4,16910,16880,UKG33,Coventry
1904337,4,16920,16880,UKG36,Dudley
1904338,4,16930,16880,UKG37,Sandwell
1904339,4,16940,16880,UKG38,Walsall
1904340,4,16950,16880,UKG39,Wolverhampton
1904341,2,16960,16100,UKH,EAST OF ENGLAND
1904342,3,16970,16960,UKH1,East Anglia
1904343,4,16980,16970,UKH11,Peterborough
1904344,4,16990,16970,UKH12,Cambridgeshire CC
1904345,4,17000,16970,UKH14,Suffolk
1904346,4,17010,16970,UKH15,Norwich and East Norfolk
1904347,4,17020,16970,UKH16,North and West Norfolk
1904348,4,17030,16970,UKH17,Breckland and South Norfolk
1904349,3,17040,16960,UKH2,Bedfordshire and Hertfordshire
1904350,4,17050,17040,UKH21,Luton
1904351,4,17060,17040,UKH23,Hertfordshire
1904352,4,17070,17040,UKH24,Bedford
1904353,4,17080,17040,UKH25,Central Bedfordshire
1904354,3,17090,16960,UKH3,Essex
1904355,4,17100,17090,UKH31,Southend-on-Sea
1904356,4,17110,17090,UKH32,Thurrock
1904357,4,17120,17090,UKH34,Essex Haven Gateway
1904358,4,17130,17090,UKH35,West Essex
1904359,4,17140,17090,UKH36,Heart of Essex
1904360,4,17150,17090,UKH37,Essex Thames Gateway
1904361,2,17160,16100,UKI,LONDON
1904362,3,17170,17160,UKI3,Inner London — West
1904363,4,17180,17170,UKI31,Camden and City of London
1904364,4,17190,17170,UKI32,Westminster
1904365,4,17200,17170,UKI33,Kensington & Chelsea and Hammersmith & Fulham
1904366,4,17210,17170,UKI34,Wandsworth
1904367,3,17220,17160,UKI4,Inner London — East
1904368,4,17230,17220,UKI41,Hackney and Newham
1904369,4,17240,17220,UKI42,Tower Hamlets
1904370,4,17250,17220,UKI43,Haringey and Islington
1904371,4,17260,17220,UKI44,Lewisham and Southwark
1904372,4,17270,17220,UKI45,Lambeth
1904373,3,17280,17160,UKI5,Outer London — East and North East
1904374,4,17290,17280,UKI51,Bexley and Greenwich
1904375,4,17300,17280,UKI52,Barking & Dagenham and Havering
1904376,4,17310,17280,UKI53,Redbridge and Waltham Forest
1904377,4,17320,17280,UKI54,Enfield
1904378,3,17330,17160,UKI6,Outer London — South
1904379,4,17340,17330,UKI61,Bromley
1904380,4,17350,17330,UKI62,Croydon
1904381,4,17360,17330,UKI63,"Merton, Kingston upon Thames and Sutton"
1904382,3,17370,17160,UKI7,Outer London — West and North West
1904383,4,17380,17370,UKI71,Barnet
1904384,4,17390,17370,UKI72,Brent
1904385,4,17400,17370,UKI73,Ealing
1904386,4,17410,17370,UKI74,Harrow and Hillingdon
1904387,4,17420,17370,UKI75,Hounslow and Richmond upon Thames
1904388,2,17430,16100,UKJ,SOUTH EAST (ENGLAND)
1904389,3,17440,17430,UKJ1,"Berkshire, Buckinghamshire and Oxfordshire"
1904390,4,17450,17440,UKJ11,Berkshire
1904391,4,17460,17440,UKJ12,Milton Keynes
1904392,4,17470,17440,UKJ13,Buckinghamshire CC
1904393,4,17480,17440,UKJ14,Oxfordshire
1904394,3,17490,17430,UKJ2,"Surrey, East and West Sussex"
1904395,4,17500,17490,UKJ21,Brighton and Hove
1904396,4,17510,17490,UKJ22,East Sussex CC
1904397,4,17520,17490,UKJ25,West Surrey
1904398,4,17530,17490,UKJ26,East Surrey
1904399,4,17540,17490,UKJ27,West Sussex (South West)
1904400,4,17550,17490,UKJ28,West Sussex (North East)
1904401,3,17560,17430,UKJ3,Hampshire and Isle of Wight
1904402,4,17570,17560,UKJ31,Portsmouth
1904403,4,17580,17560,UKJ32,Southampton
1904404,4,17590,17560,UKJ34,Isle of Wight
1904405,4,17600,17560,UKJ35,South Hampshire
1904406,4,17610,17560,UKJ36,Central Hampshire
1904407,4,17620,17560,UKJ37,North Hampshire
1904408,3,17630,17430,UKJ4,Kent
1904409,4,17640,17630,UKJ41,Medway
1904410,4,17650,17630,UKJ43,Kent Thames Gateway
1904411,4,17660,17630,UKJ44,East Kent
1904412,4,17670,17630,UKJ45,Mid Kent
1904413,4,17680,17630,UKJ46,West Kent
1904414,2,17690,16100,UKK,SOUTH WEST (ENGLAND)
1904415,3,17700,17690,UKK1,"Gloucestershire, Wiltshire and Bristol/Bath area"
1904416,4,17710,17700,UKK11,"Bristol, City of"
1904417,4,17720,17700,UKK12,"Bath and North East Somerset, North Somerset and South Gloucestershire"
1904418,4,17730,17700,UKK13,Gloucestershire
1904419,4,17740,17700,UKK14,Swindon
1904420,4,17750,17700,UKK15,Wiltshire CC
1904421,3,17760,17690,UKK2,Dorset and Somerset
1904422,4,17770,17760,UKK21,Bournemouth and Poole
1904423,4,17780,17760,UKK22,Dorset CC
1904424,4,17790,17760,UKK23,Somerset
1904425,3,17800,17690,UKK3,Cornwall and Isles of Scilly
1904426,4,17810,17800,UKK30,Cornwall and Isles of Scilly
1904427,3,17820,17690,UKK4,Devon
1904428,4,17830,17820,UKK41,Plymouth
1904429,4,17840,17820,UKK42,Torbay
1904430,4,17850,17820,UKK43,Devon CC
1904431,2,17860,16100,UKL,WALES
1904432,3,17870,17860,UKL1,West Wales and The Valleys
1904433,4,17880,17870,UKL11,Isle of Anglesey
1904434,4,17890,17870,UKL12,Gwynedd
1904435,4,17900,17870,UKL13,Conwy and Denbighshire
1904436,4,17910,17870,UKL14,South West Wales
1904437,4,17920,17870,UKL15,Central Valleys
1904438,4,17930,17870,UKL16,Gwent Valleys
1904439,4,17940,17870,UKL17,Bridgend and Neath Port Talbot
1904440,4,17950,17870,UKL18,Swansea
1904441,3,17960,17860,UKL2,East Wales
1904442,4,17970,17960,UKL21,Monmouthshire and Newport
1904443,4,17980,17960,UKL22,Cardiff and Vale of Glamorgan
1904444,4,17990,17960,UKL23,Flintshire and Wrexham
1904445,4,18000,17960,UKL24,Powys
1904446,2,18010,16100,UKM,SCOTLAND
1904447,3,18020,18010,UKM5,North Eastern Scotland
1904448,4,18030,18020,UKM50,Aberdeen City and Aberdeenshire
1904449,3,18040,18010,UKM6,Highlands and Islands
1904450,4,18050,18040,UKM61,Caithness & Sutherland and Ross & Cromarty
1904451,4,18060,18040,UKM62,"Inverness & Nairn and Moray, Badenoch & Strathspey"
1904452,4,18070,18040,UKM63,"Lochaber, Skye & Lochalsh, Arran & Cumbrae and Argyll & Bute"
1904453,4,18080,18040,UKM64,Na h-Eileanan Siar (Western Isles)
1904454,4,18090,18040,UKM65,Orkney Islands
1904455,4,18100,18040,UKM66,Shetland Islands
1904456,3,18110,18010,UKM7,Eastern Scotland
1904457,4,18120,18110,UKM71,Angus and Dundee City
1904458,4,18130,18110,UKM72,Clackmannanshire and Fife
1904459,4,18140,18110,UKM73,East Lothian and Midlothian
1904460,4,18150,18110,UKM75,"Edinburgh, City of"
1904461,4,18160,18110,UKM76,Falkirk
1904462,4,18170,18110,UKM77,Perth & Kinross and Stirling
1904463,4,18180,18110,UKM78,West Lothian
1904464,3,18190,18010,UKM8,West Central Scotland
1904465,4,18200,18190,UKM81,"East Dunbartonshire, West Dunbartonshire and Helensburgh & Lomond"
1904466,4,18210,18190,UKM82,Glasgow City
1904467,4,18220,18190,UKM83,"Inverclyde, East Renfrewshire and Renfrewshire"
1904468,4,18230,18190,UKM84,North Lanarkshire
1904469,3,18240,18010,UKM9,Southern Scotland
1904470,4,18250,18240,UKM91,Scottish Borders
1904471,4,18260,18240,UKM92,Dumfries & Galloway
1904472,4,18270,18240,UKM93,East Ayrshire and North Ayrshire mainland
1904473,4,18280,18240,UKM94,South Ayrshire
1904474,4,18290,18240,UKM95,South Lanarkshire
1904475,2,18300,16100,UKN,NORTHERN IRELAND
1904476,3,18310,18300,UKN0,Northern Ireland
1904477,4,18320,18310,UKN06,Belfast
1904478,4,18330,18310,UKN07,"Armagh City, Banbridge and Craigavon"
1904479,4,18340,18310,UKN08,"Newry, Mourne and Down"
1904480,4,18350,18310,UKN09,Ards and North Down
1904481,4,18360,18310,UKN10,Derry City and Strabane
1904482,4,18370,18310,UKN11,Mid Ulster
1904483,4,18380,18310,UKN12,Causeway Coast and Glens
1904484,4,18390,18310,UKN13,Antrim and Newtownabbey
1904485,4,18400,18310,UKN14,Lisburn and Castlereagh
1904486,4,18410,18310,UKN15,Mid and East Antrim
1904487,4,18420,18310,UKN16,Fermanagh and Omagh
1904488,2,18430,16100,UKZ,EXTRA-REGIO NUTS 1
1904489,3,18440,18430,UKZZ,Extra-Regio NUTS 2
1904490,4,18450,18440,UKZZZ,Extra-Regio NUTS 3
